Algorithm,Lambda,CloudletId,Length,VmId,SubmissionTime,StartTime,FinishTime,ExecutionTime,WaitingTime
Min-Min,20.0000,8,1098,8,0.3991,0.4991,1.5971,1.0980,0.1000
Min-Min,20.0000,3,1542,3,0.1572,0.2572,1.8171,1.5599,0.1000
Min-Min,20.0000,9,1892,9,0.4754,0.5754,2.9070,2.3316,0.1000
Min-Min,20.0000,5,3076,5,0.3288,0.4288,4.2830,3.8542,0.1000
Min-Min,20.0000,17,2813,14,0.8778,0.9778,4.3930,3.4152,0.1000
Min-Min,20.0000,6,3119,6,0.3518,0.4518,4.3930,3.9412,0.1000
Min-Min,20.0000,11,2257,11,0.6300,0.7300,4.7230,3.9930,0.1000
Min-Min,20.0000,0,3431,0,0.0650,0.1650,4.8330,4.6680,0.1000
Min-Min,20.0000,52,1325,8,2.5669,2.6669,5.1630,2.4961,0.1000
Min-Min,20.0000,35,1212,11,1.8967,1.9967,5.3830,3.3863,0.1000
Min-Min,20.0000,61,1182,12,3.0868,3.1868,6.2737,3.0870,0.1000
Min-Min,20.0000,15,3361,12,0.7786,0.8786,6.3837,5.5051,0.1000
Min-Min,20.0000,32,2245,9,1.7372,1.8372,6.6037,4.7665,0.1000
Min-Min,20.0000,30,2872,7,1.5703,1.6703,6.9337,5.2634,0.1000
Min-Min,20.0000,21,3913,18,1.0434,1.1434,6.9337,5.7903,0.1000
Min-Min,20.0000,71,1192,11,3.4111,3.5111,7.6834,4.1724,0.1000
Min-Min,20.0000,4,4369,4,0.2119,0.3119,7.6834,7.3715,0.1000
Min-Min,20.0000,74,1344,2,3.4992,3.5992,8.1151,4.5159,0.1000
Min-Min,20.0000,7,4559,7,0.3679,0.4679,8.3351,7.8671,0.1000
Min-Min,20.0000,26,4213,3,1.2655,1.3655,8.4451,7.0796,0.1000
Min-Min,20.0000,2,4213,2,0.1410,0.2410,8.5551,8.3141,0.1000
Min-Min,20.0000,29,3665,6,1.5376,1.6376,8.5551,6.9175,0.1000
Min-Min,20.0000,33,3156,10,1.8231,1.9231,8.6651,6.7420,0.1000
Min-Min,20.0000,57,2488,13,2.8361,2.9361,9.0171,6.0810,0.1000
Min-Min,20.0000,45,2597,1,2.2748,2.3748,9.1271,6.7522,0.1000
Min-Min,20.0000,84,1468,15,4.2381,4.3381,9.3471,5.0090,0.1000
Min-Min,20.0000,86,1588,17,4.3692,4.4692,10.1614,5.6922,0.1000
Min-Min,20.0000,48,2902,4,2.3960,2.4960,10.3814,7.8854,0.1000
Min-Min,20.0000,99,1743,9,4.7073,4.8073,11.5420,6.7347,0.1000
Min-Min,20.0000,59,2865,15,2.9074,3.0074,12.3078,9.3004,0.1000
Min-Min,20.0000,92,2485,3,4.4942,4.5942,12.5259,7.9317,0.1000
Min-Min,20.0000,130,1283,19,6.5201,6.6201,12.6359,6.0158,0.1000
Min-Min,20.0000,72,3222,6,3.4129,3.5129,12.8559,9.3430,0.1000
Min-Min,20.0000,98,2010,9,4.6676,4.7676,12.8559,8.0884,0.1000
Min-Min,20.0000,157,1010,5,7.8825,7.9825,13.0759,5.0934,0.1000
Min-Min,20.0000,117,1938,7,5.8304,5.9304,13.5444,7.6140,0.1000
Min-Min,20.0000,134,1939,3,6.7660,6.8660,15.1220,8.2560,0.1000
Min-Min,20.0000,179,1183,7,8.9514,9.0514,15.1220,6.0706,0.1000
Min-Min,20.0000,170,1402,18,8.4540,8.5540,15.2320,6.6780,0.1000
Min-Min,20.0000,47,4710,3,2.2956,2.3956,15.4520,13.0564,0.1000
Min-Min,20.0000,16,5872,13,0.7904,0.8904,15.8637,14.9733,0.1000
Min-Min,20.0000,70,3437,5,3.4097,3.5097,15.9737,12.4640,0.1000
Min-Min,20.0000,166,1602,14,8.2565,8.3565,16.4278,8.0713,0.1000
Min-Min,20.0000,144,1777,13,7.5732,7.6732,16.5378,8.8646,0.1000
Min-Min,20.0000,116,2732,6,5.7407,5.8407,16.7578,10.9171,0.1000
Min-Min,20.0000,20,5527,17,1.0011,1.1011,16.8678,15.7667,0.1000
Min-Min,20.0000,46,3778,2,2.2857,2.3857,17.4350,15.0493,0.1000
Min-Min,20.0000,103,2846,13,5.0337,5.1337,17.5450,12.4113,0.1000
Min-Min,20.0000,85,2937,17,4.2544,4.3544,18.4418,14.0874,0.1000
Min-Min,20.0000,44,4546,0,2.2584,2.3584,19.8525,17.4941,0.1000
Min-Min,20.0000,25,5072,2,1.1803,1.2803,20.0593,18.7789,0.1000
Min-Min,20.0000,235,1390,3,11.5625,11.6625,20.2793,8.6167,0.1000
Min-Min,20.0000,193,1511,15,9.7519,9.8519,20.4993,10.6474,0.1000
Min-Min,20.0000,167,1842,15,8.2990,8.3990,20.6093,12.2102,0.1000
Min-Min,20.0000,114,2981,4,5.5996,5.6996,20.8249,15.1253,0.1000
Min-Min,20.0000,127,2516,17,6.3357,6.4357,21.4104,14.9747,0.1000
Min-Min,20.0000,223,1527,9,11.2035,11.3035,21.6285,10.3250,0.1000
Min-Min,20.0000,124,3004,14,6.2322,6.3322,21.7329,15.4007,0.1000
Min-Min,20.0000,199,1662,5,10.3258,10.4258,22.5729,12.1470,0.1000
Min-Min,20.0000,148,2277,17,7.6752,7.7752,22.6829,14.9077,0.1000
Min-Min,20.0000,68,4872,3,3.3685,3.4685,23.7414,20.2729,0.1000
Min-Min,20.0000,210,1666,16,10.7599,10.8599,23.9614,13.1015,0.1000
Min-Min,20.0000,161,2459,9,8.1381,8.2381,24.1814,15.9433,0.1000
Min-Min,20.0000,89,3805,0,4.4410,4.5410,24.7952,20.2542,0.1000
Min-Min,20.0000,49,5061,5,2.4293,2.5293,25.0067,22.4774,0.1000
Min-Min,20.0000,31,5978,8,1.5875,1.6875,25.1167,23.4291,0.1000
Min-Min,20.0000,226,1772,12,11.3189,11.4189,25.5737,14.1547,0.1000
Min-Min,20.0000,247,1559,12,12.4484,12.5484,25.5737,13.0253,0.1000
Min-Min,20.0000,58,5537,14,2.8840,2.9840,27.8250,24.8410,0.1000
Min-Min,20.0000,254,1640,19,12.7698,12.8698,28.0450,15.1752,0.1000
Min-Min,20.0000,12,6635,9,0.6993,0.7993,28.5492,27.7500,0.1000
Min-Min,20.0000,113,4123,3,5.5504,5.6504,28.6592,23.0089,0.1000
Min-Min,20.0000,97,4239,8,4.6662,4.7662,29.7410,24.9748,0.1000
Min-Min,20.0000,271,1436,11,13.9811,14.0811,30.1658,16.0847,0.1000
Min-Min,20.0000,188,2464,15,9.4412,9.5412,30.5481,21.0069,0.1000
Min-Min,20.0000,62,4932,17,3.0977,3.1977,31.6420,28.4443,0.1000
Min-Min,20.0000,88,4161,19,4.4208,4.5208,32.0360,27.5152,0.1000
Min-Min,20.0000,96,4477,7,4.6613,4.7613,33.1787,28.4174,0.1000
Min-Min,20.0000,355,1381,17,18.1582,18.2582,33.4989,15.2408,0.1000
Min-Min,20.0000,90,4182,1,4.4599,4.5599,33.6089,29.0490,0.1000
Min-Min,20.0000,36,6096,12,1.9191,2.0191,33.6089,31.5899,0.1000
Min-Min,20.0000,219,2395,5,11.1049,11.2049,33.7189,22.5140,0.1000
Min-Min,20.0000,126,3573,16,6.3133,6.4133,34.0388,27.6255,0.1000
Min-Min,20.0000,371,1335,7,18.6662,18.7662,34.6825,15.9163,0.1000
Min-Min,20.0000,73,5179,7,3.4460,3.5460,34.7915,31.2455,0.1000
Min-Min,20.0000,248,2477,13,12.5077,12.6077,34.8982,22.2906,0.1000
Min-Min,20.0000,353,1421,5,18.0812,18.1812,35.0082,16.8270,0.1000
Min-Min,20.0000,77,4853,10,3.6895,3.7895,35.2247,31.4352,0.1000
Min-Min,20.0000,299,2169,3,15.3436,15.4436,35.2247,19.7811,0.1000
Min-Min,20.0000,51,5843,7,2.5068,2.6068,35.5547,32.9479,0.1000
Min-Min,20.0000,273,2073,17,14.1993,14.2993,35.7712,21.4719,0.1000
Min-Min,20.0000,304,1762,8,15.8055,15.9055,35.9912,20.0857,0.1000
Min-Min,20.0000,237,2423,2,11.6366,11.7366,36.4617,24.7251,0.1000
Min-Min,20.0000,339,1565,2,17.3325,17.4325,36.4617,19.0292,0.1000
Min-Min,20.0000,234,2528,0,11.5125,11.6125,37.2934,25.6809,0.1000
Min-Min,20.0000,396,1183,11,19.7997,19.8997,37.7701,17.8704,0.1000
Min-Min,20.0000,165,3649,13,8.2236,8.3236,37.9819,29.6583,0.1000
Min-Min,20.0000,249,2554,14,12.5154,12.6154,38.0919,25.4765,0.1000
Min-Min,20.0000,411,1278,10,20.6008,20.7008,38.5261,17.8252,0.1000
Min-Min,20.0000,303,2039,7,15.5820,15.6820,38.5261,22.8440,0.1000
Min-Min,20.0000,419,1265,18,21.1717,21.2717,38.8494,17.5777,0.1000
Min-Min,20.0000,192,2866,19,9.7077,9.8077,39.1952,29.3874,0.1000
Min-Min,20.0000,79,5105,12,3.8150,3.9150,39.4110,35.4960,0.1000
Min-Min,20.0000,145,3863,14,7.5801,7.6801,39.5210,31.8409,0.1000
Min-Min,20.0000,487,1003,18,24.4324,24.5324,40.0071,15.4747,0.1000
Min-Min,20.0000,470,1198,9,23.8731,23.9731,40.6052,16.6321,0.1000
Min-Min,20.0000,349,1889,12,17.9210,18.0210,42.6245,24.6035,0.1000
Min-Min,20.0000,514,1115,12,25.7609,25.8609,42.6245,16.7636,0.1000
Min-Min,20.0000,156,3636,5,7.8730,7.9730,42.7345,34.7615,0.1000
Min-Min,20.0000,110,4571,0,5.3871,5.4871,43.0870,37.5999,0.1000
Min-Min,20.0000,10,8162,8,0.6013,0.7013,43.5185,42.8172,0.1000
Min-Min,20.0000,362,2209,3,18.4061,18.5061,43.7385,25.2324,0.1000
Min-Min,20.0000,38,7502,14,1.9781,2.0781,44.5280,42.4499,0.1000
Min-Min,20.0000,23,7316,0,1.1566,1.2566,44.9592,43.7026,0.1000
Min-Min,20.0000,549,1065,9,27.8593,27.9593,44.9592,16.9999,0.1000
Min-Min,20.0000,310,2408,14,15.9764,16.0764,45.4579,29.3815,0.1000
Min-Min,20.0000,152,3680,1,7.8368,7.9368,45.5679,37.6311,0.1000
Min-Min,20.0000,274,2598,18,14.2088,14.3088,46.4312,32.1225,0.1000
Min-Min,20.0000,342,2139,5,17.5261,17.6261,46.7778,29.1516,0.1000
Min-Min,20.0000,416,1741,15,21.0304,21.1304,46.9978,25.8673,0.1000
Min-Min,20.0000,55,5086,11,2.6514,2.7514,47.6835,44.9321,0.1000
Min-Min,20.0000,67,5289,2,3.3181,3.4181,48.0170,44.5989,0.1000
Min-Min,20.0000,53,6271,9,2.5859,2.6859,48.6057,45.9198,0.1000
Min-Min,20.0000,54,6222,10,2.6283,2.7283,49.1175,46.3892,0.1000
Min-Min,20.0000,290,2778,14,14.7447,14.8447,49.3375,34.4928,0.1000
Min-Min,20.0000,347,2089,10,17.8902,17.9902,49.5575,31.5673,0.1000
Min-Min,20.0000,159,4257,7,8.0236,8.1236,50.6440,42.5203,0.1000
Min-Min,20.0000,225,2842,11,11.2886,11.3886,51.1061,39.7176,0.1000
Min-Min,20.0000,409,1962,8,20.5428,20.6428,51.3261,30.6834,0.1000
Min-Min,20.0000,323,2536,7,16.7575,16.8575,51.8110,34.9535,0.1000
Min-Min,20.0000,19,8184,16,0.9315,1.0315,52.1592,51.1277,0.1000
Min-Min,20.0000,484,1956,3,24.3446,24.4446,53.2817,28.8371,0.1000
Min-Min,20.0000,24,7344,1,1.1582,1.2582,53.3917,52.1335,0.1000
Min-Min,20.0000,480,1632,19,24.2189,24.3189,54.0585,29.7396,0.1000
Min-Min,20.0000,105,4892,15,5.1174,5.2174,55.2150,49.9977,0.1000
Min-Min,20.0000,439,1902,18,22.2790,22.3790,55.5432,33.1642,0.1000
Min-Min,20.0000,41,7144,17,2.1296,2.2296,55.6532,53.4236,0.1000
Min-Min,20.0000,582,1301,19,29.4265,29.5265,55.8660,26.3395,0.1000
Min-Min,20.0000,308,2796,12,15.8617,15.9617,56.2090,40.2473,0.1000
Min-Min,20.0000,80,6196,13,3.9273,4.0273,56.3190,52.2917,0.1000
Min-Min,20.0000,685,1056,0,34.6908,34.7908,56.4290,21.6382,0.1000
Min-Min,20.0000,453,2009,12,22.9745,23.0745,56.5309,33.4564,0.1000
Min-Min,20.0000,258,3733,3,12.9827,13.0827,56.5309,43.4482,0.1000
Min-Min,20.0000,475,1999,14,23.9840,24.0840,56.7493,32.6653,0.1000
Min-Min,20.0000,452,1679,11,22.9662,23.0662,57.2878,34.2216,0.1000
Min-Min,20.0000,622,1219,19,31.5235,31.6235,57.5078,25.8843,0.1000
Min-Min,20.0000,306,2677,10,15.8460,15.9460,57.7278,41.7818,0.1000
Min-Min,20.0000,330,2858,14,16.9536,17.0536,57.8378,40.7842,0.1000
Min-Min,20.0000,180,4315,7,8.9799,9.0799,58.4333,49.3534,0.1000
Min-Min,20.0000,272,2939,16,14.1505,14.2505,58.9458,44.6953,0.1000
Min-Min,20.0000,646,1209,19,32.7164,32.8164,59.0558,26.2394,0.1000
Min-Min,20.0000,730,1009,10,36.8308,36.9308,59.9020,22.9712,0.1000
Min-Min,20.0000,682,1026,11,34.4043,34.5043,59.9020,25.3977,0.1000
Min-Min,20.0000,312,2727,16,16.1291,16.2291,60.6160,44.3869,0.1000
Min-Min,20.0000,403,2391,2,20.0892,20.1892,61.7260,41.5368,0.1000
Min-Min,20.0000,720,1121,15,36.3722,36.4722,61.8360,25.3638,0.1000
Min-Min,20.0000,18,8340,15,0.8872,0.9872,61.9460,60.9588,0.1000
Min-Min,20.0000,287,2725,11,14.5692,14.6692,62.0560,47.3868,0.1000
Min-Min,20.0000,548,1755,6,27.7859,27.8859,62.1660,34.2801,0.1000
Min-Min,20.0000,270,3237,15,13.8460,13.9460,62.5120,48.5660,0.1000
Min-Min,20.0000,711,1196,6,35.9051,36.0051,62.8420,26.8369,0.1000
Min-Min,20.0000,534,1971,12,27.0922,27.1922,63.1720,35.9798,0.1000
Min-Min,20.0000,552,1859,9,28.0890,28.1890,63.1720,34.9830,0.1000
Min-Min,20.0000,286,3117,10,14.5639,14.6639,63.2820,48.6181,0.1000
Min-Min,20.0000,509,2114,7,25.5638,25.6638,63.5020,37.8382,0.1000
Min-Min,20.0000,75,6537,8,3.5244,3.6244,63.5020,59.8776,0.1000
Min-Min,20.0000,540,1829,18,27.4628,27.5628,63.9420,36.3792,0.1000
Min-Min,20.0000,589,1669,6,29.8467,29.9467,64.0520,34.1053,0.1000
Min-Min,20.0000,337,2701,1,17.2767,17.3767,64.1620,46.7853,0.1000
Min-Min,20.0000,641,1501,18,32.3796,32.4796,64.1620,31.6824,0.1000
Min-Min,20.0000,22,8558,19,1.0868,1.1868,64.3820,63.1952,0.1000
Min-Min,20.0000,143,5009,12,7.3633,7.4633,64.7160,57.2527,0.1000
Min-Min,20.0000,261,3803,6,13.0647,13.1647,64.9360,51.7713,0.1000
Min-Min,20.0000,115,5486,5,5.6237,5.7237,65.2780,59.5543,0.1000
Min-Min,20.0000,684,1393,19,34.5354,34.6354,65.4980,30.8626,0.1000
Min-Min,20.0000,563,1883,0,28.6805,28.7805,65.7180,36.9375,0.1000
Min-Min,20.0000,60,6740,16,2.9672,3.0672,66.0480,62.9808,0.1000
Min-Min,20.0000,468,2414,7,23.6301,23.7301,66.3820,42.6519,0.1000
Min-Min,20.0000,740,1125,11,37.4721,37.5721,66.7630,29.1909,0.1000
Min-Min,20.0000,495,2367,13,24.7863,24.8863,66.7630,41.8767,0.1000
Min-Min,20.0000,631,1712,8,32.0033,32.1033,66.8730,34.7697,0.1000
Min-Min,20.0000,213,3860,19,10.8511,10.9511,66.8730,55.9219,0.1000
Min-Min,20.0000,451,2331,10,22.9013,23.0013,67.6020,44.6007,0.1000
Min-Min,20.0000,224,3907,10,11.2636,11.3636,67.8920,56.5284,0.1000
Min-Min,20.0000,566,2208,3,28.8174,28.9174,68.1120,39.1946,0.1000
Min-Min,20.0000,239,3877,4,11.9323,12.0323,68.1120,56.0797,0.1000
Min-Min,20.0000,215,3842,1,10.9331,11.0331,68.2220,57.1889,0.1000
Min-Min,20.0000,363,2873,4,18.4166,18.5166,68.6620,50.1454,0.1000
Min-Min,20.0000,731,1508,5,36.9321,37.0321,68.7720,31.7399,0.1000
Min-Min,20.0000,245,3735,10,12.3728,12.4728,68.8820,56.4092,0.1000
Min-Min,20.0000,65,6756,0,3.2611,3.3611,68.9920,65.6309,0.1000
Min-Min,20.0000,513,1942,11,25.6875,25.7875,69.7850,43.9975,0.1000
Min-Min,20.0000,909,1047,9,46.2895,46.3895,69.8950,23.5055,0.1000
Min-Min,20.0000,766,1375,19,38.6925,38.7925,69.8950,31.1025,0.1000
Min-Min,20.0000,294,3481,18,15.1243,15.2243,70.0050,54.7807,0.1000
Min-Min,20.0000,616,1978,13,31.3554,31.4554,70.3350,38.8796,0.1000
Min-Min,20.0000,666,1681,2,33.7043,33.8043,70.4450,36.6407,0.1000
Min-Min,20.0000,860,1229,12,43.9089,44.0089,70.4450,26.4361,0.1000
Min-Min,20.0000,488,2428,6,24.4400,24.5400,70.4450,45.9050,0.1000
Min-Min,20.0000,13,8971,10,0.7237,0.8237,70.8740,70.0503,0.1000
Min-Min,20.0000,50,8018,6,2.4567,2.5567,70.9840,68.4273,0.1000
Min-Min,20.0000,525,2567,3,26.5533,26.6533,71.2040,44.5507,0.1000
Min-Min,20.0000,354,2975,16,18.1057,18.2057,71.4240,53.2183,0.1000
Min-Min,20.0000,252,4065,17,12.6219,12.7219,71.6440,58.9221,0.1000
Min-Min,20.0000,577,2267,14,29.1837,29.2837,71.8640,42.5803,0.1000
Min-Min,20.0000,567,1988,4,28.8370,28.9370,72.0840,43.1470,0.1000
Min-Min,20.0000,335,3141,19,17.2032,17.3032,72.1940,54.8908,0.1000
Min-Min,20.0000,837,1095,11,42.8100,42.9100,72.4140,29.5040,0.1000
Min-Min,20.0000,56,7255,12,2.7542,2.8542,72.5240,69.6698,0.1000
Min-Min,20.0000,316,3419,0,16.4095,16.5095,72.7540,56.2445,0.1000
Min-Min,20.0000,253,4029,18,12.6782,12.7782,72.8640,60.0858,0.1000
Min-Min,20.0000,544,2221,2,27.6305,27.7305,73.1940,45.4635,0.1000
Min-Min,20.0000,836,1375,9,42.6497,42.7497,73.1940,30.4443,0.1000
Min-Min,20.0000,151,5100,0,7.7731,7.8731,73.7020,65.8289,0.1000
Min-Min,20.0000,797,1457,10,40.5662,40.6662,74.0500,33.3838,0.1000
Min-Min,20.0000,329,3701,13,16.8965,16.9965,74.1600,57.1635,0.1000
Min-Min,20.0000,104,6689,14,5.0344,5.1344,74.1600,69.0256,0.1000
Min-Min,20.0000,507,2581,5,25.5071,25.6071,74.2700,48.6629,0.1000
Min-Min,20.0000,87,6703,18,4.3926,4.4926,74.2700,69.7774,0.1000
Min-Min,20.0000,869,1214,1,44.2969,44.3969,74.3800,29.9831,0.1000
Min-Min,20.0000,469,2718,8,23.8076,23.9076,74.8300,50.9224,0.1000
Min-Min,20.0000,373,3452,13,18.7960,18.8960,74.9400,56.0440,0.1000
Min-Min,20.0000,825,1452,18,42.2923,42.3923,75.0500,32.6577,0.1000
Min-Min,20.0000,325,3595,9,16.7893,16.8893,75.0500,58.1607,0.1000
Min-Min,20.0000,556,2434,13,28.4135,28.5135,75.1600,46.6465,0.1000
Min-Min,20.0000,595,2329,12,30.2415,30.3415,75.3800,45.0385,0.1000
Min-Min,20.0000,268,4239,13,13.7728,13.8728,75.3800,61.5072,0.1000
Min-Min,20.0000,435,3105,14,22.0870,22.1870,75.3800,53.1930,0.1000
Min-Min,20.0000,262,4230,7,13.2300,13.3300,75.4900,62.1600,0.1000
Min-Min,20.0000,555,2491,12,28.2780,28.3780,75.6000,47.2220,0.1000
Min-Min,20.0000,393,3400,13,19.4727,19.5727,75.7100,56.1373,0.1000
Min-Min,20.0000,28,8702,5,1.4751,1.5751,75.7100,74.1349,0.1000
Min-Min,20.0000,862,1537,14,43.9625,44.0625,75.8200,31.7575,0.1000
Min-Min,20.0000,788,1476,1,40.2345,40.3345,75.9300,35.5955,0.1000
Min-Min,20.0000,177,4940,5,8.9025,9.0025,76.6040,67.6015,0.1000
Min-Min,20.0000,483,2657,2,24.3432,24.4432,76.8240,52.3808,0.1000
Min-Min,20.0000,543,2276,1,27.6273,27.7273,76.9340,49.2067,0.1000
Min-Min,20.0000,944,1236,15,47.7945,47.8945,76.9340,29.0395,0.1000
Min-Min,20.0000,101,5493,11,4.8952,4.9952,77.4380,72.4428,0.1000
Min-Min,20.0000,458,2997,17,23.1164,23.2164,77.4380,54.2216,0.1000
Min-Min,20.0000,263,4094,8,13.3744,13.4744,77.4380,63.9636,0.1000
Min-Min,20.0000,78,5838,11,3.7414,3.8414,77.6580,73.8166,0.1000
Min-Min,20.0000,586,2621,3,29.6976,29.7976,77.6580,47.8604,0.1000
Min-Min,20.0000,39,7943,15,2.0101,2.1101,77.8780,75.7679,0.1000
Min-Min,20.0000,608,2337,5,30.9223,31.0223,78.2460,47.2237,0.1000
Min-Min,20.0000,923,1532,14,46.8280,46.9280,78.3560,31.4280,0.1000
Min-Min,20.0000,147,5141,16,7.6669,7.7669,78.4660,70.6991,0.1000
Min-Min,20.0000,336,3583,0,17.2625,17.3625,78.6860,61.3235,0.1000
Min-Min,20.0000,588,2446,5,29.7485,29.8485,78.6860,48.8375,0.1000
Min-Min,20.0000,211,4720,17,10.7995,10.8995,78.7960,67.8965,0.1000
Min-Min,20.0000,42,8722,18,2.1378,2.2378,78.7960,76.5582,0.1000
Min-Min,20.0000,228,4823,14,11.3674,11.4674,78.9060,67.4386,0.1000
Min-Min,20.0000,663,2080,19,33.5912,33.6912,79.0160,45.3248,0.1000
Min-Min,20.0000,281,4068,5,14.4091,14.5091,79.2360,64.7269,0.1000
Min-Min,20.0000,934,1445,5,47.3977,47.4977,79.2360,31.7383,0.1000
Min-Min,20.0000,216,4493,2,10.9941,11.0941,79.4560,68.3619,0.1000
Min-Min,20.0000,848,1638,0,43.3639,43.4639,79.5660,36.1021,0.1000
Min-Min,20.0000,377,3545,17,18.9680,19.0680,79.6760,60.6080,0.1000
Min-Min,20.0000,706,1894,1,35.6844,35.7844,79.7860,44.0016,0.1000
Min-Min,20.0000,382,3329,2,19.0503,19.1503,79.8960,60.7457,0.1000
Min-Min,20.0000,854,1574,6,43.6974,43.7974,80.2260,36.4286,0.1000
Min-Min,20.0000,313,3911,17,16.2364,16.3364,80.2260,63.8896,0.1000
Min-Min,20.0000,1,9497,1,0.1225,0.2225,80.3360,80.1135,0.1000
Min-Min,20.0000,792,1870,5,40.4259,40.5259,80.4460,39.9201,0.1000
Min-Min,20.0000,82,6392,15,4.1595,4.2595,80.6660,76.4065,0.1000
Min-Min,20.0000,427,3200,6,21.6135,21.7135,80.6660,58.9525,0.1000
Min-Min,20.0000,887,1567,19,45.2978,45.3978,80.7760,35.3782,0.1000
Min-Min,20.0000,473,3156,12,23.9377,24.0377,80.9960,56.9583,0.1000
Min-Min,20.0000,112,5946,2,5.4376,5.5376,81.1060,75.5684,0.1000
Min-Min,20.0000,460,2961,19,23.1797,23.2797,81.2160,57.9363,0.1000
Min-Min,20.0000,779,2063,12,39.7402,39.8402,81.4360,41.5958,0.1000
Min-Min,20.0000,240,4580,5,11.9678,12.0678,81.4360,69.3682,0.1000
Min-Min,20.0000,164,5613,12,8.2145,8.3145,81.5460,73.2315,0.1000
Min-Min,20.0000,564,2417,1,28.6920,28.7920,81.6560,52.8640,0.1000
Min-Min,20.0000,289,4466,13,14.7429,14.8429,82.3310,67.4881,0.1000
Min-Min,20.0000,43,8285,19,2.2275,2.3275,82.4410,80.1135,0.1000
Min-Min,20.0000,902,1843,14,46.0903,46.1903,82.7710,36.5807,0.1000
Min-Min,20.0000,537,2713,15,27.2883,27.3883,82.8810,55.4927,0.1000
Min-Min,20.0000,614,2159,11,31.2569,31.3569,82.9910,51.6341,0.1000
Min-Min,20.0000,332,3636,16,17.0438,17.1438,83.2110,66.0672,0.1000
Min-Min,20.0000,120,6092,10,6.0346,6.1346,83.3210,77.1864,0.1000
Min-Min,20.0000,91,6362,2,4.4892,4.5892,83.4310,78.8418,0.1000
Min-Min,20.0000,27,8941,4,1.2925,1.3925,83.5410,82.1485,0.1000
Min-Min,20.0000,476,3032,15,24.0387,24.1387,83.7610,59.6223,0.1000
Min-Min,20.0000,257,4353,2,12.9055,13.0055,83.8710,70.8655,0.1000
Min-Min,20.0000,584,2505,1,29.5139,29.6139,84.7320,55.1181,0.1000
Min-Min,20.0000,175,6155,3,8.7013,8.8013,84.7320,75.9307,0.1000
Min-Min,20.0000,227,5192,13,11.3345,11.4345,84.7320,73.2975,0.1000
Min-Min,20.0000,521,2902,19,26.3284,26.4284,84.7320,58.3036,0.1000
Min-Min,20.0000,384,3502,4,19.2324,19.3324,85.4190,66.0866,0.1000
Min-Min,20.0000,344,4032,7,17.7220,17.8220,85.4190,67.5970,0.1000
Min-Min,20.0000,503,2872,1,25.3376,25.4376,85.8370,60.3994,0.1000
Min-Min,20.0000,649,2670,5,32.7538,32.8538,85.9470,53.0932,0.1000
Min-Min,20.0000,333,4070,17,17.1054,17.2054,85.9470,68.7416,0.1000
Min-Min,20.0000,787,2171,0,40.1128,40.2128,86.3620,46.1492,0.1000
Min-Min,20.0000,986,1643,17,49.9941,50.0941,86.3620,36.2679,0.1000
Min-Min,20.0000,645,2506,2,32.6974,32.7974,86.4720,53.6746,0.1000
Min-Min,20.0000,697,2642,12,35.2804,35.3804,86.4720,51.0916,0.1000
Min-Min,20.0000,576,3002,13,29.1069,29.2069,86.4720,57.2651,0.1000
Min-Min,20.0000,169,5591,17,8.3976,8.4976,86.4720,77.9744,0.1000
Min-Min,20.0000,138,6377,7,6.9574,7.0574,86.8020,79.7446,0.1000
Min-Min,20.0000,482,3022,1,24.2616,24.3616,86.9120,62.5504,0.1000
Min-Min,20.0000,746,2301,19,37.6774,37.7774,87.1320,49.3546,0.1000
Min-Min,20.0000,877,1917,9,44.8459,44.9459,87.3520,42.4061,0.1000
Min-Min,20.0000,322,4211,6,16.6456,16.7456,87.5720,70.8264,0.1000
Min-Min,20.0000,574,2528,11,29.0996,29.1996,88.1470,58.9474,0.1000
Min-Min,20.0000,611,2785,8,31.1296,31.2296,88.6970,57.4674,0.1000
Min-Min,20.0000,578,2874,15,29.1954,29.2954,88.8070,59.5116,0.1000
Min-Min,20.0000,307,3700,11,15.8545,15.9545,89.0270,73.0725,0.1000
Min-Min,20.0000,698,2722,13,35.2854,35.3854,89.0270,53.6416,0.1000
Min-Min,20.0000,989,1751,9,50.1529,50.2529,89.0270,38.7741,0.1000
Min-Min,20.0000,430,3651,9,21.8227,21.9227,89.2470,67.3243,0.1000
Min-Min,20.0000,615,3100,12,31.2625,31.3625,89.4670,58.1045,0.1000
Min-Min,20.0000,456,3426,15,23.0819,23.1819,89.4670,66.2851,0.1000
Min-Min,20.0000,256,4533,1,12.8229,12.9229,89.7970,76.8741,0.1000
Min-Min,20.0000,768,2231,1,38.9175,39.0175,89.9070,50.8895,0.1000
Min-Min,20.0000,340,4705,3,17.3812,17.4812,90.1270,72.6458,0.1000
Min-Min,20.0000,291,4420,15,14.7545,14.8545,90.1270,75.2725,0.1000
Min-Min,20.0000,870,2076,2,44.3961,44.4961,90.3470,45.8509,0.1000
Min-Min,20.0000,982,2112,12,49.9486,50.0486,90.4570,40.4084,0.1000
Min-Min,20.0000,231,5179,17,11.4474,11.5474,90.5670,79.0196,0.1000
Min-Min,20.0000,182,5730,9,9.0628,9.1628,90.5670,81.4042,0.1000
Min-Min,20.0000,324,4238,8,16.7587,16.8587,91.4080,74.5493,0.1000
Min-Min,20.0000,694,2657,9,35.2249,35.3249,91.4080,56.0831,0.1000
Min-Min,20.0000,504,3308,2,25.4541,25.5541,91.5180,65.9639,0.1000
Min-Min,20.0000,903,2050,15,46.1440,46.2440,91.6280,45.3840,0.1000
Min-Min,20.0000,288,4938,12,14.6164,14.7164,92.1050,77.3886,0.1000
Min-Min,20.0000,37,9632,13,1.9476,2.0476,92.1050,90.0574,0.1000
Min-Min,20.0000,233,5081,19,11.4983,11.5983,92.1050,80.5067,0.1000
Min-Min,20.0000,662,2828,18,33.5337,33.6337,92.2150,58.5813,0.1000
Min-Min,20.0000,376,3847,16,18.8569,18.9569,92.3250,73.3681,0.1000
Min-Min,20.0000,943,2400,14,47.7209,47.8209,92.7750,44.9541,0.1000
Min-Min,20.0000,301,4744,5,15.4624,15.5624,92.7750,77.2126,0.1000
Min-Min,20.0000,815,2370,8,41.4614,41.5614,92.8850,51.3236,0.1000
Min-Min,20.0000,603,3109,0,30.6002,30.7002,92.9950,62.2948,0.1000
Min-Min,20.0000,657,3097,13,33.4138,33.5138,92.9950,59.4812,0.1000
Min-Min,20.0000,679,2790,15,34.2934,34.3934,93.6520,59.2586,0.1000
Min-Min,20.0000,947,2135,17,47.9587,48.0587,93.6520,45.5933,0.1000
Min-Min,20.0000,372,4541,12,18.6832,18.7832,94.0420,75.2588,0.1000
Min-Min,20.0000,842,2722,14,43.1097,43.2097,94.0420,50.8323,0.1000
Min-Min,20.0000,118,6863,8,5.8454,5.9454,94.0420,88.0966,0.1000
Min-Min,20.0000,76,7691,9,3.6652,3.7652,94.0420,90.2768,0.1000
Min-Min,20.0000,742,2643,15,37.4964,37.5964,94.3720,56.7756,0.1000
Min-Min,20.0000,146,6016,15,7.6277,7.7277,94.9240,87.1963,0.1000
Min-Min,20.0000,557,3739,14,28.4232,28.5232,95.0340,66.5108,0.1000
Min-Min,20.0000,756,2691,9,38.0721,38.1721,95.1440,56.9719,0.1000
Min-Min,20.0000,162,6103,10,8.1657,8.2657,95.2540,86.9883,0.1000
Min-Min,20.0000,753,2648,6,37.9722,38.0722,95.4740,57.4018,0.1000
Min-Min,20.0000,83,7320,16,4.1635,4.2635,95.6940,91.4305,0.1000
Min-Min,20.0000,489,3865,7,24.4773,24.5773,95.6940,71.1167,0.1000
Min-Min,20.0000,412,3510,11,20.7567,20.8567,96.1040,75.2473,0.1000
Min-Min,20.0000,102,7717,12,5.0126,5.1126,96.2140,91.1014,0.1000
Min-Min,20.0000,374,4773,14,18.7992,18.8992,96.2140,77.3148,0.1000
Min-Min,20.0000,719,3302,14,36.2544,36.3544,96.7640,60.4096,0.1000
Min-Min,20.0000,466,4091,5,23.6054,23.7054,96.9840,73.2786,0.1000
Min-Min,20.0000,651,3302,7,32.9845,33.0845,96.9840,63.8995,0.1000
Min-Min,20.0000,664,3126,0,33.6419,33.7419,97.0940,63.3521,0.1000
Min-Min,20.0000,700,2945,15,35.3711,35.4711,97.2040,61.7329,0.1000
Min-Min,20.0000,173,5816,1,8.6430,8.7430,97.3140,88.5710,0.1000
Min-Min,20.0000,606,3627,3,30.8813,30.9813,97.8640,66.8827,0.1000
Min-Min,20.0000,999,2367,7,50.7047,50.8047,97.9740,47.1693,0.1000
Min-Min,20.0000,492,3790,10,24.6312,24.7312,98.1940,73.4628,0.1000
Min-Min,20.0000,198,5589,4,10.3220,10.4220,98.5370,88.1150,0.1000
Min-Min,20.0000,803,2537,16,41.0042,41.1042,98.5370,57.4328,0.1000
Min-Min,20.0000,553,3555,10,28.1472,28.2472,98.9100,70.6628,0.1000
Min-Min,20.0000,973,2543,3,49.2642,49.3642,99.0200,49.6558,0.1000
Min-Min,20.0000,970,2438,0,48.9882,49.0882,99.1300,50.0418,0.1000
Min-Min,20.0000,560,3630,17,28.5616,28.6616,99.1300,70.4684,0.1000
Min-Min,20.0000,149,6643,18,7.7134,7.8134,99.2400,91.4266,0.1000
Min-Min,20.0000,516,4284,14,25.8657,25.9657,99.5000,73.5343,0.1000
Min-Min,20.0000,515,4128,13,25.8206,25.9206,99.6100,73.6894,0.1000
Min-Min,20.0000,964,2829,14,48.8439,48.9439,99.6100,50.6661,0.1000
Min-Min,20.0000,499,3974,17,25.1784,25.2784,100.0555,74.7771,0.1000
Min-Min,20.0000,174,6155,2,8.6661,8.7661,100.3855,91.6194,0.1000
Min-Min,20.0000,702,3211,17,35.5084,35.6084,100.3855,64.7771,0.1000
Min-Min,20.0000,131,6895,0,6.5911,6.6911,100.4955,93.8044,0.1000
Min-Min,20.0000,122,7706,12,6.0921,6.1921,100.4955,94.3034,0.1000
Min-Min,20.0000,750,3289,3,37.8522,37.9522,100.7155,62.7633,0.1000
Min-Min,20.0000,133,6678,2,6.6913,6.7913,101.0455,94.2542,0.1000
Min-Min,20.0000,214,5820,0,10.8532,10.9532,101.5150,90.5618,0.1000
Min-Min,20.0000,699,3732,14,35.3474,35.4474,101.6250,66.1776,0.1000
Min-Min,20.0000,618,3495,15,31.3771,31.4771,101.6250,70.1479,0.1000
Min-Min,20.0000,897,2633,9,45.8748,45.9748,101.6250,55.6502,0.1000
Min-Min,20.0000,185,6759,12,9.2583,9.3583,101.7350,92.3767,0.1000
Min-Min,20.0000,991,2653,19,50.3422,50.4422,101.9550,51.5128,0.1000
Min-Min,20.0000,187,6874,14,9.3892,9.4892,102.2850,92.7958,0.1000
Min-Min,20.0000,497,4037,15,25.0230,25.1230,102.2850,77.1620,0.1000
Min-Min,20.0000,40,9339,16,2.0418,2.1418,102.2850,100.1432,0.1000
Min-Min,20.0000,609,3482,6,30.9304,31.0304,102.3950,71.3646,0.1000
Min-Min,20.0000,885,2769,17,45.2403,45.3403,102.3950,57.0547,0.1000
Min-Min,20.0000,939,2696,10,47.5021,47.6021,102.6150,55.0129,0.1000
Min-Min,20.0000,111,7090,1,5.3932,5.4932,102.6150,97.1218,0.1000
Min-Min,20.0000,554,3258,11,28.1853,28.2853,102.7250,74.4397,0.1000
Min-Min,20.0000,242,5937,7,12.1319,12.2319,102.7250,90.4931,0.1000
Min-Min,20.0000,433,4920,12,21.9811,22.0811,103.1750,81.0939,0.1000
Min-Min,20.0000,201,6329,7,10.3697,10.4697,103.2850,92.8153,0.1000
Min-Min,20.0000,988,2605,17,50.0188,50.1188,103.2850,53.1662,0.1000
Min-Min,20.0000,551,3794,8,28.0411,28.1411,103.3950,75.2539,0.1000
Min-Min,20.0000,505,4478,3,25.4778,25.5778,103.5050,77.9272,0.1000
Min-Min,20.0000,568,4088,5,28.8847,28.9847,103.9450,74.9603,0.1000
Min-Min,20.0000,194,6226,0,9.7607,9.8607,104.1650,94.3043,0.1000
Min-Min,20.0000,840,3541,12,43.0922,43.1922,104.3850,61.1928,0.1000
Min-Min,20.0000,472,3657,11,23.8962,23.9962,104.4950,80.4988,0.1000
Min-Min,20.0000,293,5418,17,15.1210,15.2210,104.6050,89.3840,0.1000
Min-Min,20.0000,857,2948,9,43.8665,43.9665,105.1210,61.1545,0.1000
Min-Min,20.0000,634,3158,11,32.1459,32.2459,105.4510,73.2051,0.1000
Min-Min,20.0000,267,6179,12,13.6739,13.7739,105.5610,91.7871,0.1000
Min-Min,20.0000,109,7527,19,5.3464,5.4464,105.7810,100.3346,0.1000
Min-Min,20.0000,64,8789,19,3.2299,3.3299,106.0010,102.6711,0.1000
Min-Min,20.0000,639,3453,16,32.2837,32.3837,106.3310,73.9473,0.1000
Min-Min,20.0000,570,4160,7,28.9187,29.0187,106.3310,77.3123,0.1000
Min-Min,20.0000,317,5001,1,16.4175,16.5175,106.6700,90.1525,0.1000
Min-Min,20.0000,605,3789,2,30.8716,30.9716,106.6700,75.6984,0.1000
Min-Min,20.0000,998,2643,6,50.6244,50.7244,106.6700,55.9456,0.1000
Min-Min,20.0000,81,9579,14,3.9729,4.0729,106.7800,102.7071,0.1000
Min-Min,20.0000,413,5415,12,20.7571,20.8571,107.1100,86.2529,0.1000
Min-Min,20.0000,638,3833,15,32.2571,32.3571,107.1100,74.7529,0.1000
Min-Min,20.0000,981,2463,11,49.8834,49.9834,107.2200,57.2366,0.1000
Min-Min,20.0000,305,5417,9,15.8454,15.9454,107.2200,91.2746,0.1000
Min-Min,20.0000,780,3687,13,39.7892,39.8892,107.4400,67.5508,0.1000
Min-Min,20.0000,190,6608,17,9.5379,9.6379,107.4400,97.8021,0.1000
Min-Min,20.0000,264,5851,9,13.4626,13.5626,107.6600,94.0974,0.1000
Min-Min,20.0000,690,3959,5,34.9955,35.0955,107.8800,72.7845,0.1000
Min-Min,20.0000,63,9289,18,3.1805,3.2805,107.9900,104.7095,0.1000
Min-Min,20.0000,767,3495,0,38.8479,38.9479,108.1000,69.1521,0.1000
Min-Min,20.0000,704,3761,19,35.6301,35.7301,108.1000,72.3699,0.1000
Min-Min,20.0000,137,7593,6,6.9486,7.0486,108.4355,101.3869,0.1000
Min-Min,20.0000,809,3315,2,41.2132,41.3132,108.6555,67.3423,0.1000
Min-Min,20.0000,407,4828,6,20.3087,20.4087,108.6555,88.2468,0.1000
Min-Min,20.0000,565,4091,2,28.7076,28.8076,109.0155,80.2079,0.1000
Min-Min,20.0000,184,5814,11,9.1731,9.2731,109.1255,99.8524,0.1000
Min-Min,20.0000,800,3752,13,40.7365,40.8365,109.1255,68.2890,0.1000
Min-Min,20.0000,467,4483,6,23.6242,23.7242,109.2355,85.5113,0.1000
Min-Min,20.0000,277,5476,1,14.2649,14.3649,109.3455,94.9806,0.1000
Min-Min,20.0000,896,3053,8,45.8545,45.9545,109.3455,63.3910,0.1000
Min-Min,20.0000,269,6628,14,13.8001,13.9001,109.5655,95.6654,0.1000
Min-Min,20.0000,801,4134,14,40.8272,40.9272,109.6755,68.7483,0.1000
Min-Min,20.0000,361,5113,2,18.4058,18.5058,109.8955,91.3897,0.1000
Min-Min,20.0000,713,3601,8,36.0139,36.1139,109.8955,73.7816,0.1000
Min-Min,20.0000,687,3777,2,34.8079,34.9079,110.1155,75.2076,0.1000
Min-Min,20.0000,378,5037,18,19.0011,19.1011,110.2255,91.1244,0.1000
Min-Min,20.0000,171,6865,19,8.5492,8.6492,110.3355,101.6863,0.1000
Min-Min,20.0000,871,3523,3,44.4433,44.5433,110.5555,66.0122,0.1000
Min-Min,20.0000,710,4114,5,35.9003,36.0003,110.7755,74.7752,0.1000
Min-Min,20.0000,967,3207,17,48.9184,49.0184,110.8855,61.8671,0.1000
Min-Min,20.0000,707,3805,2,35.7536,35.8536,111.2580,75.4044,0.1000
Min-Min,20.0000,108,8236,18,5.2881,5.3881,111.2580,105.8699,0.1000
Min-Min,20.0000,442,4656,1,22.3289,22.4289,111.3680,88.9391,0.1000
Min-Min,20.0000,447,4732,6,22.6166,22.7166,111.3680,88.6514,0.1000
Min-Min,20.0000,757,3698,10,38.2038,38.3038,111.4780,73.1742,0.1000
Min-Min,20.0000,334,5356,18,17.1665,17.2665,111.5880,94.3215,0.1000
Min-Min,20.0000,681,4092,17,34.3210,34.4210,111.6980,77.2770,0.1000
Min-Min,20.0000,604,4044,1,30.7542,30.8542,111.9180,81.0638,0.1000
Min-Min,20.0000,119,7843,9,6.0093,6.1093,112.0280,105.9187,0.1000
Min-Min,20.0000,417,4637,16,21.1064,21.2064,112.1380,90.9316,0.1000
Min-Min,20.0000,708,4165,3,35.8097,35.9097,112.3580,76.4483,0.1000
Min-Min,20.0000,300,5259,4,15.3679,15.4679,112.5780,97.1101,0.1000
Min-Min,20.0000,100,8303,10,4.7239,4.8239,112.6880,107.8641,0.1000
Min-Min,20.0000,186,7554,13,9.3659,9.4659,112.7980,103.3321,0.1000
Min-Min,20.0000,927,3265,18,47.0578,47.1578,112.7980,65.6402,0.1000
Min-Min,20.0000,856,3378,8,43.7753,43.8753,112.9080,69.0327,0.1000
Min-Min,20.0000,508,4550,6,25.5559,25.6559,113.1280,87.4721,0.1000
Min-Min,20.0000,153,7227,2,7.8613,7.9613,113.2380,105.2767,0.1000
Min-Min,20.0000,650,3968,6,32.9427,33.0427,113.2380,80.1953,0.1000
Min-Min,20.0000,486,5160,5,24.4099,24.5099,113.4580,88.9481,0.1000
Min-Min,20.0000,394,6263,14,19.5081,19.6081,113.5680,93.9599,0.1000
Min-Min,20.0000,106,7786,16,5.1542,5.2542,113.6780,108.4238,0.1000
Min-Min,20.0000,140,7652,9,7.1025,7.2025,113.8980,106.6955,0.1000
Min-Min,20.0000,296,5897,0,15.1934,15.2934,114.0080,98.7146,0.1000
Min-Min,20.0000,725,3999,0,36.6417,36.7417,114.1180,77.3763,0.1000
Min-Min,20.0000,759,4839,12,38.2881,38.3881,114.1180,75.7299,0.1000
Min-Min,20.0000,388,5208,8,19.3034,19.4034,114.1180,94.7146,0.1000
Min-Min,20.0000,410,5285,9,20.5582,20.6582,114.2280,93.5698,0.1000
Min-Min,20.0000,928,3638,19,47.0666,47.1666,114.2280,67.0614,0.1000
Min-Min,20.0000,132,7459,1,6.6558,6.7558,114.4480,107.6922,0.1000
Min-Min,20.0000,670,4003,6,33.8374,33.9374,114.5580,80.6206,0.1000
Min-Min,20.0000,636,4752,13,32.2236,32.3236,115.2020,82.8784,0.1000
Min-Min,20.0000,718,4490,13,36.2491,36.3491,115.2020,78.8529,0.1000
Min-Min,20.0000,924,3639,15,46.8718,46.9718,115.3120,68.3402,0.1000
Min-Min,20.0000,765,3836,18,38.6885,38.7885,115.3120,76.5235,0.1000
Min-Min,20.0000,197,7566,3,10.2855,10.3855,115.4220,105.0365,0.1000
Min-Min,20.0000,319,6426,3,16.5001,16.6001,115.6420,99.0419,0.1000
Min-Min,20.0000,387,5640,7,19.2872,19.3872,115.6420,96.2548,0.1000
Min-Min,20.0000,777,3903,10,39.6531,39.7531,115.8620,76.1089,0.1000
Min-Min,20.0000,863,3828,15,43.9790,44.0790,115.9720,71.8930,0.1000
Min-Min,20.0000,461,5145,0,23.2124,23.3124,116.1920,92.8796,0.1000
Min-Min,20.0000,523,4671,1,26.4537,26.5537,116.3020,89.7483,0.1000
Min-Min,20.0000,762,4197,15,38.6126,38.7126,117.2080,78.4954,0.1000
Min-Min,20.0000,496,6103,14,24.9864,25.0864,117.3180,92.2316,0.1000
Min-Min,20.0000,637,5507,14,32.2324,32.3324,117.3180,84.9856,0.1000
Min-Min,20.0000,956,3429,6,48.5824,48.6824,117.3180,68.6356,0.1000
Min-Min,20.0000,791,3339,4,40.3437,40.4437,117.6745,77.2308,0.1000
Min-Min,20.0000,471,5065,10,23.8840,23.9840,117.8945,93.9105,0.1000
Min-Min,20.0000,596,5147,13,30.3254,30.4254,118.2480,87.8226,0.1000
Min-Min,20.0000,406,5947,5,20.2076,20.3076,118.2480,97.9404,0.1000
Min-Min,20.0000,764,4348,17,38.6390,38.7390,118.2480,79.5090,0.1000
Min-Min,20.0000,196,7069,2,10.2100,10.3100,118.3580,108.0480,0.1000
Min-Min,20.0000,259,5927,4,12.9998,13.0998,118.3580,105.2582,0.1000
Min-Min,20.0000,465,4544,4,23.5692,23.6692,118.3580,94.6888,0.1000
Min-Min,20.0000,984,4634,14,49.9770,50.0770,118.3580,68.2810,0.1000
Min-Min,20.0000,824,4169,17,42.0971,42.1971,118.4680,76.2709,0.1000
Min-Min,20.0000,735,4252,9,37.1784,37.2784,118.7980,81.5196,0.1000
Min-Min,20.0000,635,5773,12,32.1740,32.2740,119.1280,86.8540,0.1000
Min-Min,20.0000,891,4083,3,45.4126,45.5126,119.2380,73.7254,0.1000
Min-Min,20.0000,941,4915,12,47.6814,47.7814,119.3480,71.5666,0.1000
Min-Min,20.0000,221,7211,7,11.1796,11.2796,119.3480,108.0684,0.1000
Min-Min,20.0000,207,7799,13,10.6505,10.7505,119.4580,108.7075,0.1000
Min-Min,20.0000,819,5235,12,41.8464,41.9464,119.5680,77.6216,0.1000
Min-Min,20.0000,241,6941,6,12.1164,12.2164,119.6780,107.4616,0.1000
Min-Min,20.0000,125,8191,15,6.2798,6.3798,119.7880,113.4082,0.1000
Min-Min,20.0000,493,4446,11,24.7204,24.8204,120.0080,95.1876,0.1000
Min-Min,20.0000,222,6798,8,11.1949,11.2949,120.1180,108.8231,0.1000
Min-Min,20.0000,34,8738,11,1.8737,1.9737,120.2280,118.2543,0.1000
Min-Min,20.0000,965,3960,15,48.8573,48.9573,120.2280,71.2707,0.1000
Min-Min,20.0000,284,6229,8,14.4959,14.5959,120.2280,105.6321,0.1000
Min-Min,20.0000,531,5125,9,26.9533,27.0533,120.5780,93.5247,0.1000
Min-Min,20.0000,183,7423,10,9.1278,9.2278,120.6880,111.4602,0.1000
Min-Min,20.0000,139,7947,8,7.0379,7.1379,120.6880,113.5501,0.1000
Min-Min,20.0000,627,4009,4,31.8592,31.9592,120.9080,88.9488,0.1000
Min-Min,20.0000,829,4249,2,42.3921,42.4921,121.1280,78.6359,0.1000
Min-Min,20.0000,14,9918,11,0.7335,0.8335,121.2380,120.4045,0.1000
Min-Min,20.0000,440,5743,19,22.2892,22.3892,121.2380,98.8488,0.1000
Min-Min,20.0000,717,5818,12,36.2248,36.3248,121.4580,85.1332,0.1000
Min-Min,20.0000,95,9530,6,4.6538,4.7538,121.4580,116.7042,0.1000
Min-Min,20.0000,629,4647,6,31.9376,32.0376,121.4580,89.4204,0.1000
Min-Min,20.0000,366,6151,7,18.4988,18.5988,121.4580,102.8592,0.1000
Min-Min,20.0000,129,8284,19,6.4994,6.5994,121.4580,114.8586,0.1000
Min-Min,20.0000,230,6456,16,11.4386,11.5386,121.6780,110.1394,0.1000
Min-Min,20.0000,677,5187,13,34.2751,34.3751,121.7880,87.4129,0.1000
Min-Min,20.0000,979,3857,9,49.6482,49.7482,121.7880,72.0398,0.1000
Min-Min,20.0000,66,9415,1,3.2793,3.3793,121.8980,118.5187,0.1000
Min-Min,20.0000,217,7944,3,11.0122,11.1122,122.6620,111.5498,0.1000
Min-Min,20.0000,919,4065,10,46.5417,46.6417,122.7720,76.1303,0.1000
Min-Min,20.0000,200,7598,6,10.3601,10.4601,122.7720,112.3119,0.1000
Min-Min,20.0000,195,7239,1,10.1655,10.2655,122.8820,112.6165,0.1000
Min-Min,20.0000,850,4363,2,43.4812,43.5812,122.8820,79.3008,0.1000
Min-Min,20.0000,136,8659,5,6.8889,6.9889,122.9920,116.0031,0.1000
Min-Min,20.0000,712,4828,7,35.9717,36.0717,123.1020,87.0303,0.1000
Min-Min,20.0000,733,4767,7,36.9969,37.0969,123.1020,86.0051,0.1000
Min-Min,20.0000,867,4508,19,44.2744,44.3744,123.3220,78.9476,0.1000
Min-Min,20.0000,135,7722,4,6.7896,6.8896,123.4320,116.5424,0.1000
Min-Min,20.0000,680,4291,16,34.2936,34.3936,123.5420,89.1484,0.1000
Min-Min,20.0000,655,4137,11,33.1446,33.2446,123.6520,90.4074,0.1000
Min-Min,20.0000,597,6523,14,30.3504,30.4504,123.7620,93.3116,0.1000
Min-Min,20.0000,426,6269,5,21.6132,21.7132,123.8720,102.1588,0.1000
Min-Min,20.0000,434,6500,13,22.0152,22.1152,124.3200,102.2048,0.1000
Min-Min,20.0000,421,5943,0,21.2269,21.3269,124.4300,103.1031,0.1000
Min-Min,20.0000,392,7640,12,19.4219,19.5219,124.5400,105.0181,0.1000
Min-Min,20.0000,455,7269,14,23.0691,23.1691,124.5400,101.3709,0.1000
Min-Min,20.0000,209,7586,15,10.6976,10.7976,124.5400,113.7424,0.1000
Min-Min,20.0000,940,3559,11,47.5296,47.6296,124.7600,77.1304,0.1000
Min-Min,20.0000,494,7202,12,24.7788,24.8788,125.1300,100.2512,0.1000
Min-Min,20.0000,921,5789,12,46.6433,46.7433,125.1300,78.3867,0.1000
Min-Min,20.0000,422,5841,1,21.3271,21.4271,125.2400,103.8129,0.1000
Min-Min,20.0000,206,9136,12,10.5777,10.6777,125.3500,114.6723,0.1000
Min-Min,20.0000,761,6220,14,38.5806,38.6806,125.3500,86.6694,0.1000
Min-Min,20.0000,346,6493,9,17.8356,17.9356,125.4600,107.5244,0.1000
Min-Min,20.0000,94,9905,5,4.5720,4.6720,125.5700,120.8980,0.1000
Min-Min,20.0000,613,5081,10,31.2497,31.3497,125.6800,94.3303,0.1000
Min-Min,20.0000,880,5980,12,45.0777,45.1777,125.6800,80.5023,0.1000
Min-Min,20.0000,444,6408,3,22.4006,22.5006,125.6800,103.1794,0.1000
Min-Min,20.0000,821,6068,14,42.0434,42.1434,125.6800,83.5366,0.1000
Min-Min,20.0000,326,6394,10,16.8078,16.9078,125.7900,108.8822,0.1000
Min-Min,20.0000,351,8033,14,18.0525,18.1525,125.7900,107.6375,0.1000
Min-Min,20.0000,243,7023,8,12.1835,12.2835,125.7900,113.5065,0.1000
Min-Min,20.0000,154,9097,3,7.8621,7.9621,126.0100,118.0479,0.1000
Min-Min,20.0000,579,4768,16,29.2753,29.3753,126.0100,96.6347,0.1000
Min-Min,20.0000,625,5317,2,31.7996,31.8996,126.2300,94.3304,0.1000
Min-Min,20.0000,741,6444,14,37.4838,37.5838,126.2300,88.6462,0.1000
Min-Min,20.0000,282,7050,6,14.4505,14.5505,126.2300,111.6795,0.1000
Min-Min,20.0000,785,4484,18,40.0682,40.1682,126.4500,86.2818,0.1000
Min-Min,20.0000,593,5229,10,30.1197,30.2197,126.5600,96.3403,0.1000
Min-Min,20.0000,975,4699,5,49.3243,49.4243,126.5600,77.1357,0.1000
Min-Min,20.0000,474,6549,13,23.9589,24.0589,126.6700,102.6111,0.1000
Min-Min,20.0000,501,5967,19,25.2916,25.3916,126.6700,101.2784,0.1000
Min-Min,20.0000,839,3877,11,42.9175,43.0175,126.7800,83.7625,0.1000
Min-Min,20.0000,260,7652,5,13.0373,13.1373,126.8900,113.7527,0.1000
Min-Min,20.0000,285,7110,9,14.5229,14.6229,126.8900,112.2671,0.1000
Min-Min,20.0000,390,6191,10,19.3832,19.4832,127.0000,107.5168,0.1000
Min-Min,20.0000,961,3688,11,48.6965,48.7965,127.1100,78.3135,0.1000
Min-Min,20.0000,123,9811,13,6.1784,6.2784,127.1100,120.8316,0.1000
Min-Min,20.0000,386,6370,6,19.2423,19.3423,127.1100,107.7677,0.1000
Min-Min,20.0000,328,8543,12,16.8655,16.9655,127.3300,110.3645,0.1000
Min-Min,20.0000,375,6699,15,18.8245,18.9245,127.3300,108.4055,0.1000
Min-Min,20.0000,141,8472,10,7.1817,7.2817,127.5500,120.2683,0.1000
Min-Min,20.0000,202,7524,8,10.4041,10.5041,127.7700,117.2659,0.1000
Min-Min,20.0000,769,5062,2,38.9489,39.0489,127.8800,88.8311,0.1000
Min-Min,20.0000,575,7616,12,29.1060,29.2060,128.2100,99.0040,0.1000
Min-Min,20.0000,963,5067,13,48.8414,48.9414,128.2100,79.2686,0.1000
Min-Min,20.0000,632,5377,9,32.0332,32.1332,128.2100,96.0768,0.1000
Min-Min,20.0000,932,4745,3,47.3307,47.4307,128.3200,80.8893,0.1000
Min-Min,20.0000,436,6455,15,22.1668,22.2668,128.3200,106.0532,0.1000
Min-Min,20.0000,189,7275,16,9.5329,9.6329,128.3200,118.6871,0.1000
Min-Min,20.0000,420,6486,19,21.1722,21.2722,128.4300,107.1578,0.1000
Min-Min,20.0000,569,5528,6,28.8936,28.9936,128.5400,99.5464,0.1000
Min-Min,20.0000,799,7007,12,40.7191,40.8191,128.6500,87.8309,0.1000
Min-Min,20.0000,208,9938,14,10.6878,10.7878,128.6500,117.8622,0.1000
Min-Min,20.0000,278,7309,2,14.2685,14.3685,128.8700,114.5015,0.1000
Min-Min,20.0000,415,8449,14,20.9082,21.0082,128.8700,107.8618,0.1000
Min-Min,20.0000,749,5245,2,37.7903,37.8903,128.9800,91.0897,0.1000
Min-Min,20.0000,962,6761,12,48.7948,48.8948,129.0900,80.1952,0.1000
Min-Min,20.0000,309,7890,13,15.9179,16.0179,129.0900,113.0721,0.1000
Min-Min,20.0000,479,5708,18,24.1962,24.2962,129.0900,104.7938,0.1000
Min-Min,20.0000,656,7690,12,33.2343,33.3343,129.2000,95.8657,0.1000
Min-Min,20.0000,738,7405,12,37.3921,37.4921,129.2000,91.7079,0.1000
Min-Min,20.0000,659,5644,15,33.4512,33.5512,129.2000,95.6488,0.1000
Min-Min,20.0000,814,5000,7,41.3766,41.4766,129.2000,87.7234,0.1000
Min-Min,20.0000,318,7047,2,16.4844,16.5844,129.3100,112.7256,0.1000
Min-Min,20.0000,873,5228,5,44.5219,44.6219,129.4200,84.7981,0.1000
Min-Min,20.0000,893,5195,5,45.5531,45.6531,129.5300,83.8769,0.1000
Min-Min,20.0000,644,5374,1,32.6869,32.7869,129.6400,96.8531,0.1000
Min-Min,20.0000,900,7780,12,46.0382,46.1382,130.0800,83.9418,0.1000
Min-Min,20.0000,204,7870,10,10.5154,10.6154,130.1900,119.5746,0.1000
Min-Min,20.0000,889,4769,1,45.3482,45.4482,130.1900,84.7418,0.1000
Min-Min,20.0000,238,8473,3,11.7206,11.8206,130.1900,118.3694,0.1000
Min-Min,20.0000,520,5641,18,26.0900,26.1900,130.3000,104.1100,0.1000
Min-Min,20.0000,481,6141,0,24.2576,24.3576,130.4100,106.0524,0.1000
Min-Min,20.0000,527,6473,5,26.7059,26.8059,130.4100,103.6041,0.1000
Min-Min,20.0000,250,7892,15,12.5539,12.6539,130.4100,117.7561,0.1000
Min-Min,20.0000,678,7840,14,34.2787,34.3787,130.5200,96.1413,0.1000
Min-Min,20.0000,400,6829,19,19.9594,20.0594,130.6300,110.5706,0.1000
Min-Min,20.0000,599,4996,16,30.4024,30.5024,130.8500,100.3476,0.1000
Min-Min,20.0000,676,9295,12,34.2628,34.3628,130.9600,96.5972,0.1000
Min-Min,20.0000,883,5216,15,45.2180,45.3180,130.9600,85.6420,0.1000
Min-Min,20.0000,389,6830,9,19.3159,19.4159,130.9600,111.5441,0.1000
Min-Min,20.0000,739,6063,13,37.4025,37.5025,131.0700,93.5675,0.1000
Min-Min,20.0000,181,8131,8,9.0198,9.1198,131.0700,121.9502,0.1000
Min-Min,20.0000,536,8646,14,27.2039,27.3039,131.1800,103.8761,0.1000
Min-Min,20.0000,997,5160,5,50.5322,50.6322,131.1800,80.5478,0.1000
Min-Min,20.0000,758,4427,11,38.2692,38.3692,131.4000,93.0308,0.1000
Min-Min,20.0000,178,8837,6,8.9449,9.0449,131.4000,122.3551,0.1000
Min-Min,20.0000,969,5086,19,48.9524,49.0524,131.5100,82.4576,0.1000
Min-Min,20.0000,654,5520,10,33.1194,33.2194,131.6200,98.4006,0.1000
Min-Min,20.0000,617,8536,14,31.3711,31.4711,131.6200,100.1489,0.1000
Min-Min,20.0000,882,7666,14,45.1591,45.2591,131.6200,86.3609,0.1000
Min-Min,20.0000,297,7161,1,15.2585,15.3585,131.7300,116.3715,0.1000
Min-Min,20.0000,667,5921,3,33.7281,33.8281,131.7300,97.9019,0.1000
Min-Min,20.0000,783,4504,16,39.9240,40.0240,131.7300,91.7060,0.1000
Min-Min,20.0000,265,7471,10,13.5486,13.6486,131.9500,118.3014,0.1000
Min-Min,20.0000,107,9854,17,5.2443,5.3443,131.9500,126.6057,0.1000
Min-Min,20.0000,150,8924,19,7.7532,7.8532,132.0600,124.2068,0.1000
Min-Min,20.0000,229,8322,15,11.3942,11.4942,132.1700,120.6758,0.1000
Min-Min,20.0000,858,5046,10,43.8741,43.9741,132.3900,88.4159,0.1000
Min-Min,20.0000,454,7404,13,23.0052,23.1052,132.3900,109.2848,0.1000
Min-Min,20.0000,781,8672,14,39.8559,39.9559,132.3900,92.4341,0.1000
Min-Min,20.0000,802,5615,15,40.9528,41.0528,132.3900,91.3372,0.1000
Min-Min,20.0000,295,7637,19,15.1435,15.2435,132.6100,117.3665,0.1000
Min-Min,20.0000,876,4751,8,44.7330,44.8330,132.7200,87.8870,0.1000
Min-Min,20.0000,957,4922,7,48.5859,48.6859,132.8300,84.1441,0.1000
Min-Min,20.0000,446,7190,5,22.4510,22.5510,132.9400,110.3890,0.1000
Min-Min,20.0000,172,8606,0,8.6259,8.7259,133.0500,124.3241,0.1000
Min-Min,20.0000,441,6550,0,22.3081,22.4081,133.1600,110.7519,0.1000
Min-Min,20.0000,728,5856,3,36.7629,36.8629,133.1600,96.2971,0.1000
Min-Min,20.0000,341,6031,4,17.4868,17.5868,133.1600,115.5732,0.1000
Min-Min,20.0000,658,9872,14,33.4497,33.5497,133.1600,99.6103,0.1000
Min-Min,20.0000,163,7598,11,8.1684,8.2684,133.2700,125.0016,0.1000
Min-Min,20.0000,397,6074,16,19.8058,19.9058,133.6200,113.7142,0.1000
Min-Min,20.0000,128,9285,18,6.4027,6.5027,133.6200,127.1173,0.1000
Min-Min,20.0000,826,5649,19,42.3008,42.4008,133.7300,91.3292,0.1000
Min-Min,20.0000,315,7625,19,16.3793,16.4793,133.8400,117.3607,0.1000
Min-Min,20.0000,770,5808,3,39.0070,39.1070,133.9500,94.8430,0.1000
Min-Min,20.0000,990,4552,18,50.2280,50.3280,133.9500,83.6220,0.1000
Min-Min,20.0000,985,5473,15,49.9854,50.0854,134.0600,83.9746,0.1000
Min-Min,20.0000,818,4487,11,41.7908,41.8908,134.1700,92.2792,0.1000
Min-Min,20.0000,69,9691,4,3.3753,3.4753,134.1700,130.6947,0.1000
Min-Min,20.0000,255,7848,0,12.8026,12.9026,134.2800,121.3774,0.1000
Min-Min,20.0000,693,5390,8,35.2104,35.3104,134.2800,98.9696,0.1000
Min-Min,20.0000,251,7098,16,12.5573,12.6573,134.3900,121.7327,0.1000
Min-Min,20.0000,993,5040,1,50.4328,50.5328,134.7200,84.1872,0.1000
Min-Min,20.0000,983,5963,13,49.9698,50.0698,134.7200,84.6502,0.1000
Min-Min,20.0000,425,5636,4,21.5884,21.6884,134.7200,113.0316,0.1000
Min-Min,20.0000,311,8025,15,16.1027,16.2027,134.7200,118.5173,0.1000
Min-Min,20.0000,790,5842,3,40.3156,40.4156,134.9400,94.5244,0.1000
Min-Min,20.0000,500,6079,18,25.2385,25.3385,135.1600,109.8215,0.1000
Min-Min,20.0000,380,7118,0,19.0478,19.1478,135.5000,116.3522,0.1000
Min-Min,20.0000,995,5397,3,50.4971,50.5971,135.7200,85.1229,0.1000
Min-Min,20.0000,669,6709,5,33.7966,33.8966,135.7200,101.8234,0.1000
Min-Min,20.0000,865,5677,17,44.0727,44.1727,135.8300,91.6573,0.1000
Min-Min,20.0000,522,6452,0,26.4189,26.5189,136.0500,109.5311,0.1000
Min-Min,20.0000,279,8675,3,14.2738,14.3738,136.0500,121.6762,0.1000
Min-Min,20.0000,350,8644,13,18.0002,18.1002,136.0500,117.9498,0.1000
Min-Min,20.0000,321,8299,5,16.6077,16.7077,136.0500,119.3423,0.1000
Min-Min,20.0000,506,5352,4,25.5041,25.6041,136.2700,110.6659,0.1000
Min-Min,20.0000,275,8300,19,14.2369,14.3369,136.3800,122.0431,0.1000
Min-Min,20.0000,220,8818,6,11.1413,11.2413,136.6000,125.3587,0.1000
Min-Min,20.0000,428,7050,7,21.7734,21.8734,136.6000,114.7266,0.1000
Min-Min,20.0000,356,7778,17,18.2140,18.3140,136.6000,118.2860,0.1000
Min-Min,20.0000,158,9705,6,7.9965,8.0965,136.7100,128.6135,0.1000
Min-Min,20.0000,734,5507,8,37.0693,37.1693,136.8200,99.6507,0.1000
Min-Min,20.0000,443,7383,2,22.3356,22.4356,137.1600,114.7244,0.1000
Min-Min,20.0000,457,6040,16,23.1058,23.2058,137.1600,113.9542,0.1000
Min-Min,20.0000,155,8178,4,7.8675,7.9675,137.2700,129.3025,0.1000
Min-Min,20.0000,464,7548,3,23.5469,23.6469,137.3800,113.7331,0.1000
Min-Min,20.0000,542,6523,0,27.5306,27.6306,137.4900,109.8594,0.1000
Min-Min,20.0000,594,5366,11,30.1684,30.2684,137.4900,107.2216,0.1000
Min-Min,20.0000,833,5674,6,42.5456,42.6456,137.6000,94.9544,0.1000
Min-Min,20.0000,673,6239,9,34.1699,34.2699,137.6000,103.3301,0.1000
Min-Min,20.0000,276,7976,0,14.2399,14.3399,137.7100,123.3701,0.1000
Min-Min,20.0000,533,5598,11,27.0449,27.1449,137.8200,110.6751,0.1000
Min-Min,20.0000,364,8384,5,18.4458,18.5458,137.9300,119.3842,0.1000
Min-Min,20.0000,810,6236,3,41.2225,41.3225,138.1500,96.8275,0.1000
Min-Min,20.0000,437,6210,16,22.2010,22.3010,138.1500,115.8490,0.1000
Min-Min,20.0000,852,4324,4,43.5999,43.6999,138.2600,94.5601,0.1000
Min-Min,20.0000,331,8609,15,16.9961,17.0961,138.2600,121.1639,0.1000
Min-Min,20.0000,953,5906,3,48.1690,48.2690,138.3700,90.1010,0.1000
Min-Min,20.0000,571,6211,8,28.9187,29.0187,138.3700,109.3513,0.1000
Min-Min,20.0000,745,5523,18,37.6497,37.7497,138.3700,100.6203,0.1000
Min-Min,20.0000,751,4631,4,37.9488,38.0488,138.4800,100.4312,0.1000
Min-Min,20.0000,244,8732,9,12.3283,12.4283,138.4800,126.0517,0.1000
Min-Min,20.0000,726,6095,1,36.6841,36.7841,138.5900,101.8059,0.1000
Min-Min,20.0000,414,8760,13,20.8217,20.9217,138.5900,117.6683,0.1000
Min-Min,20.0000,602,7080,19,30.4801,30.5801,138.7000,108.1199,0.1000
Min-Min,20.0000,381,7461,1,19.0480,19.1480,138.8100,119.6620,0.1000
Min-Min,20.0000,841,7115,13,43.1047,43.2047,138.9200,95.7153,0.1000
Min-Min,20.0000,532,6811,10,27.0208,27.1208,139.0300,111.9092,0.1000
Min-Min,20.0000,404,8252,3,20.1452,20.2452,139.0300,118.7848,0.1000
Min-Min,20.0000,942,6897,13,47.6920,47.7920,139.0300,91.2380,0.1000
Min-Min,20.0000,752,7064,5,37.9649,38.0649,139.1400,101.0751,0.1000
Min-Min,20.0000,722,6480,17,36.3979,36.4979,139.1400,102.6421,0.1000
Min-Min,20.0000,550,6789,7,27.9062,28.0062,139.3600,111.3538,0.1000
Min-Min,20.0000,368,7864,9,18.5151,18.6151,139.4700,120.8549,0.1000
Min-Min,20.0000,511,7115,9,25.6503,25.7503,139.4700,113.7197,0.1000
Min-Min,20.0000,831,4481,4,42.4667,42.5667,139.6900,97.1233,0.1000
Min-Min,20.0000,784,6305,17,40.0262,40.1262,139.6900,99.5638,0.1000
Min-Min,20.0000,449,6865,8,22.7042,22.8042,139.8000,116.9958,0.1000
Min-Min,20.0000,714,6384,9,36.0333,36.1333,139.9100,103.7767,0.1000
Min-Min,20.0000,822,7035,15,42.0594,42.1594,140.0200,97.8606,0.1000
Min-Min,20.0000,794,6032,7,40.4611,40.5611,140.0200,99.4589,0.1000
Min-Min,20.0000,855,5847,7,43.7630,43.8630,140.0200,96.1570,0.1000
Min-Min,20.0000,661,6761,17,33.5096,33.6096,140.0200,106.4104,0.1000
Min-Min,20.0000,298,8615,2,15.2599,15.3599,140.1300,124.7701,0.1000
Min-Min,20.0000,93,9491,4,4.5626,4.6626,140.1300,135.4674,0.1000
Min-Min,20.0000,945,6824,15,47.8552,47.9552,140.2400,92.2848,0.1000
Min-Min,20.0000,539,7253,17,27.4385,27.5385,140.2400,112.7015,0.1000
Min-Min,20.0000,358,8396,19,18.2725,18.3725,140.2400,121.8675,0.1000
Min-Min,20.0000,424,8380,3,21.4913,21.5913,140.3500,118.7587,0.1000
Min-Min,20.0000,562,7514,19,28.6261,28.7261,140.3500,111.6239,0.1000
Min-Min,20.0000,795,5694,8,40.5275,40.6275,140.4600,99.8325,0.1000
Min-Min,20.0000,383,8725,3,19.2037,19.3037,140.5700,121.2663,0.1000
Min-Min,20.0000,689,4957,4,34.9027,35.0027,140.5700,105.5673,0.1000
Min-Min,20.0000,820,7666,13,41.8684,41.9684,140.6800,98.7116,0.1000
Min-Min,20.0000,292,7221,16,15.0533,15.1533,140.6800,125.5267,0.1000
Min-Min,20.0000,232,8400,18,11.4625,11.5625,140.6800,129.1175,0.1000
Min-Min,20.0000,628,7827,5,31.8725,31.9725,140.9000,108.9275,0.1000
Min-Min,20.0000,914,7048,5,46.4130,46.5130,141.1200,94.6070,0.1000
Min-Min,20.0000,528,7195,6,26.7684,26.8684,141.1200,114.2516,0.1000
Min-Min,20.0000,744,6639,17,37.6313,37.7313,141.1200,103.3887,0.1000
Min-Min,20.0000,901,7630,13,46.0863,46.1863,141.2300,95.0437,0.1000
Min-Min,20.0000,832,7262,5,42.4714,42.5714,141.2300,98.6586,0.1000
Min-Min,20.0000,558,8205,15,28.4723,28.5723,141.2300,112.6577,0.1000
Min-Min,20.0000,203,9502,9,10.4625,10.5625,141.5690,131.0065,0.1000
Min-Min,20.0000,590,6881,7,29.9041,30.0041,141.6790,111.6749,0.1000
Min-Min,20.0000,160,9374,8,8.1176,8.2176,141.6790,133.4614,0.1000
Min-Min,20.0000,541,7890,19,27.4790,27.5790,141.6790,114.1000,0.1000
Min-Min,20.0000,642,7535,19,32.5020,32.6020,141.6790,109.0770,0.1000
Min-Min,20.0000,760,8301,13,38.4148,38.5148,141.8990,103.3842,0.1000
Min-Min,20.0000,385,9209,5,19.2402,19.3402,141.8990,122.5588,0.1000
Min-Min,20.0000,922,7969,13,46.7541,46.8541,142.1190,95.2649,0.1000
Min-Min,20.0000,546,5590,4,27.7036,27.8036,142.1190,114.3154,0.1000
Min-Min,20.0000,359,7957,0,18.3414,18.4414,142.2290,123.7876,0.1000
Min-Min,20.0000,545,8238,3,27.6402,27.7402,142.2290,114.4888,0.1000
Min-Min,20.0000,395,9338,15,19.7108,19.8108,142.2290,122.4182,0.1000
Min-Min,20.0000,946,4975,16,47.9048,48.0048,142.2290,94.2242,0.1000
Min-Min,20.0000,530,6772,8,26.9186,27.0186,142.2290,115.2104,0.1000
Min-Min,20.0000,775,5950,8,39.3540,39.4540,142.2290,102.7750,0.1000
Min-Min,20.0000,776,6542,9,39.6198,39.7198,142.2290,102.5092,0.1000
Min-Min,20.0000,949,6881,19,48.0644,48.1644,142.2290,94.0646,0.1000
Min-Min,20.0000,881,8186,13,45.1144,45.2144,142.3390,97.1246,0.1000
Min-Min,20.0000,884,5117,16,45.2391,45.3391,142.4490,97.1099,0.1000
Min-Min,20.0000,352,9630,15,18.0718,18.1718,142.5590,124.3872,0.1000
Min-Min,20.0000,806,7326,19,41.0697,41.1697,142.5590,101.3893,0.1000
Min-Min,20.0000,955,7510,5,48.5457,48.6457,142.6690,94.0233,0.1000
Min-Min,20.0000,724,7576,19,36.5925,36.6925,142.6690,105.9765,0.1000
Min-Min,20.0000,807,6287,0,41.0765,41.1765,142.7790,101.6025,0.1000
Min-Min,20.0000,798,5340,11,40.6275,40.7275,142.7790,102.0515,0.1000
Min-Min,20.0000,647,7970,3,32.7293,32.8293,142.7790,109.9497,0.1000
Min-Min,20.0000,772,8036,5,39.0424,39.1424,142.7790,103.6366,0.1000
Min-Min,20.0000,736,6649,10,37.2781,37.3781,142.8890,105.5109,0.1000
Min-Min,20.0000,817,6418,10,41.7597,41.8597,142.8890,101.0293,0.1000
Min-Min,20.0000,535,9939,13,27.1446,27.2446,142.8890,115.6444,0.1000
Min-Min,20.0000,626,8163,3,31.8160,31.9160,143.1090,111.1930,0.1000
Min-Min,20.0000,843,8051,15,43.1178,43.2178,143.1090,99.8912,0.1000
Min-Min,20.0000,851,7434,3,43.5513,43.6513,143.2190,99.5677,0.1000
Min-Min,20.0000,547,9106,5,27.7112,27.8112,143.2190,115.4078,0.1000
Min-Min,20.0000,379,9211,19,19.0214,19.1214,143.2190,124.0976,0.1000
Min-Min,20.0000,674,6874,10,34.2156,34.3156,143.3290,109.0134,0.1000
Min-Min,20.0000,898,6303,10,45.9183,46.0183,143.4390,97.4207,0.1000
Min-Min,20.0000,861,9302,13,43.9472,44.0472,143.4390,99.3918,0.1000
Min-Min,20.0000,598,9095,15,30.3717,30.4717,143.5490,113.0773,0.1000
Min-Min,20.0000,966,5069,16,48.8585,48.9585,143.5490,94.5905,0.1000
Min-Min,20.0000,601,6480,18,30.4442,30.5442,143.8790,113.3348,0.1000
Min-Min,20.0000,431,7909,10,21.8419,21.9419,143.9890,122.0471,0.1000
Min-Min,20.0000,517,9814,15,25.9074,26.0074,143.9890,117.9816,0.1000
Min-Min,20.0000,338,8926,2,17.2880,17.3880,144.0990,126.7110,0.1000
Min-Min,20.0000,980,6303,10,49.7093,49.8093,144.3190,94.5097,0.1000
Min-Min,20.0000,827,6461,0,42.3300,42.4300,144.5390,102.1090,0.1000
Min-Min,20.0000,812,9488,5,41.3165,41.4165,144.5390,103.1225,0.1000
Min-Min,20.0000,782,9413,15,39.9041,40.0041,144.5390,104.5349,0.1000
Min-Min,20.0000,462,7761,1,23.5107,23.6107,144.6490,121.0383,0.1000
Min-Min,20.0000,302,9087,6,15.4982,15.5982,144.6490,129.0508,0.1000
Min-Min,20.0000,907,8386,19,46.2761,46.3761,144.7590,98.3829,0.1000
Min-Min,20.0000,992,6152,0,50.4208,50.5208,144.9790,94.4582,0.1000
Min-Min,20.0000,853,9922,5,43.6965,43.7965,145.0890,101.2925,0.1000
Min-Min,20.0000,912,8625,3,46.3583,46.4583,145.1990,98.7407,0.1000
Min-Min,20.0000,365,8704,6,18.4575,18.5575,145.1990,126.6415,0.1000
Min-Min,20.0000,773,6962,6,39.1621,39.2621,145.3090,106.0469,0.1000
Min-Min,20.0000,688,9491,3,34.8519,34.9519,145.4190,110.4671,0.1000
Min-Min,20.0000,960,6602,10,48.6580,48.7580,145.5290,96.7710,0.1000
Min-Min,20.0000,830,9165,3,42.4360,42.5360,145.5290,102.9930,0.1000
Min-Min,20.0000,948,5704,18,48.0069,48.1069,145.5290,97.4221,0.1000
Min-Min,20.0000,423,8714,2,21.4538,21.5538,145.6390,124.0852,0.1000
Min-Min,20.0000,915,6647,6,46.4263,46.5263,145.6390,99.1127,0.1000
Min-Min,20.0000,763,5774,16,38.6368,38.7368,145.6390,106.9022,0.1000
Min-Min,20.0000,621,6588,18,31.4637,31.5637,145.6390,114.0753,0.1000
Min-Min,20.0000,847,9352,19,43.2950,43.3950,145.6390,102.2440,0.1000
Min-Min,20.0000,748,6952,1,37.7786,37.8786,145.7490,107.8704,0.1000
Min-Min,20.0000,212,9043,18,10.8304,10.9304,145.7490,134.8186,0.1000
Min-Min,20.0000,348,7167,11,17.9078,18.0078,145.8590,127.8512,0.1000
Min-Min,20.0000,343,8950,6,17.7145,17.8145,145.8590,128.0445,0.1000
Min-Min,20.0000,813,6938,6,41.3345,41.4345,145.8590,104.4245,0.1000
Min-Min,20.0000,916,6388,7,46.4377,46.5377,145.8590,99.3213,0.1000
Min-Min,20.0000,438,8559,17,22.2172,22.3172,145.8590,123.5418,0.1000
Min-Min,20.0000,786,9960,19,40.1026,40.2026,146.0790,105.8764,0.1000
Min-Min,20.0000,665,7246,1,33.6496,33.7496,146.1890,112.4394,0.1000
Min-Min,20.0000,899,5470,11,46.0115,46.1115,146.2990,100.1875,0.1000
Min-Min,20.0000,868,6660,0,44.2919,44.3919,146.4090,102.0171,0.1000
Min-Min,20.0000,448,8061,7,22.6405,22.7405,146.5190,123.7785,0.1000
Min-Min,20.0000,793,7196,6,40.4446,40.5446,146.6290,106.0844,0.1000
Min-Min,20.0000,743,5939,16,37.6260,37.7260,146.6290,108.9030,0.1000
Min-Min,20.0000,398,8958,17,19.8502,19.9502,146.8490,126.8988,0.1000
Min-Min,20.0000,894,7084,6,45.6147,45.7147,147.0690,101.3543,0.1000
Min-Min,20.0000,401,8590,0,19.9959,20.0959,147.6435,127.5476,0.1000
Min-Min,20.0000,624,7604,1,31.7113,31.8113,147.6435,115.8322,0.1000
Min-Min,20.0000,727,7928,2,36.7177,36.8177,147.6435,110.8258,0.1000
Min-Min,20.0000,930,6828,1,47.1881,47.2881,147.7535,100.4654,0.1000
Min-Min,20.0000,391,7209,11,19.4189,19.5189,147.7535,128.2346,0.1000
Min-Min,20.0000,935,7273,6,47.4055,47.5055,147.7535,100.2480,0.1000
Min-Min,20.0000,874,7514,6,44.5815,44.6815,147.9735,103.2920,0.1000
Min-Min,20.0000,878,7437,10,44.8773,44.9773,148.1935,103.2162,0.1000
Min-Min,20.0000,591,7389,8,29.9988,30.0988,148.4135,118.3147,0.1000
Min-Min,20.0000,280,7607,4,14.3978,14.4978,148.5235,134.0257,0.1000
Min-Min,20.0000,732,8273,6,36.9775,37.0775,148.5235,111.4460,0.1000
Min-Min,20.0000,360,8928,1,18.3948,18.4948,148.6335,130.1387,0.1000
Min-Min,20.0000,691,8435,6,35.0111,35.1111,148.6335,113.5224,0.1000
Min-Min,20.0000,236,9964,1,11.5833,11.6833,148.8535,137.1702,0.1000
Min-Min,20.0000,573,8530,10,29.0927,29.1927,148.9635,119.7708,0.1000
Min-Min,20.0000,931,7673,2,47.2288,47.3288,149.0735,101.7447,0.1000
Min-Min,20.0000,905,7409,17,46.1599,46.2599,149.0735,102.8136,0.1000
Min-Min,20.0000,369,9541,10,18.5965,18.6965,149.1835,130.4870,0.1000
Min-Min,20.0000,808,7413,1,41.1108,41.2108,149.1835,107.9727,0.1000
Min-Min,20.0000,879,5850,11,44.9384,45.0384,149.1835,104.1451,0.1000
Min-Min,20.0000,463,9154,2,23.5175,23.6175,149.1835,125.5660,0.1000
Min-Min,20.0000,703,6753,18,35.6183,35.7183,149.1835,113.4652,0.1000
Min-Min,20.0000,976,8457,6,49.3527,49.4527,149.2935,99.8408,0.1000
Min-Min,20.0000,283,9513,7,14.4917,14.5917,149.2935,134.7018,0.1000
Min-Min,20.0000,600,8474,17,30.4363,30.5363,149.6235,119.0872,0.1000
Min-Min,20.0000,191,9781,18,9.6602,9.7602,149.6235,139.8633,0.1000
Min-Min,20.0000,429,8270,8,21.7801,21.8801,149.8435,127.9634,0.1000
Min-Min,20.0000,838,8103,10,42.8430,42.9430,149.9535,107.0105,0.1000
Min-Min,20.0000,402,9126,1,20.0170,20.1170,150.0635,129.9465,0.1000
Min-Min,20.0000,686,7996,1,34.7874,34.8874,150.0635,115.1761,0.1000
Min-Min,20.0000,478,9096,17,24.1584,24.2584,150.0635,125.8051,0.1000
Min-Min,20.0000,640,8443,17,32.3560,32.4560,150.0635,117.6075,0.1000
Min-Min,20.0000,580,8712,17,29.3012,29.4012,150.2835,120.8823,0.1000
Min-Min,20.0000,512,9365,10,25.6719,25.7719,150.3935,124.6216,0.1000
Min-Min,20.0000,709,5702,4,35.8408,35.9408,150.3935,114.4527,0.1000
Min-Min,20.0000,695,8855,10,35.2565,35.3565,150.6135,115.2570,0.1000
Min-Min,20.0000,121,9917,11,6.0772,6.1772,150.7235,144.5463,0.1000
Min-Min,20.0000,951,7630,1,48.0999,48.1999,150.8335,102.6336,0.1000
Min-Min,20.0000,519,9163,17,26.0305,26.1305,150.8335,124.7030,0.1000
Min-Min,20.0000,805,6676,18,41.0654,41.1654,150.8335,109.6681,0.1000
Min-Min,20.0000,524,9374,2,26.5303,26.6303,151.0535,124.4232,0.1000
Min-Min,20.0000,168,9629,16,8.3355,8.4355,151.0535,142.6180,0.1000
Min-Min,20.0000,937,6816,8,47.4805,47.5805,151.1635,103.5830,0.1000
Min-Min,20.0000,450,9345,9,22.7236,22.8236,151.1635,128.3399,0.1000
Min-Min,20.0000,418,9821,17,21.1109,21.2109,151.2735,130.0626,0.1000
Min-Min,20.0000,399,8274,18,19.9174,20.0174,151.2735,131.2561,0.1000
Min-Min,20.0000,846,6634,18,43.2649,43.3649,151.2735,107.9086,0.1000
Min-Min,20.0000,653,8497,9,33.0248,33.1248,151.2735,118.1487,0.1000
Min-Min,20.0000,633,9901,10,32.0581,32.1581,151.4935,119.3354,0.1000
Min-Min,20.0000,620,9034,17,31.4375,31.5375,151.4935,119.9560,0.1000
Min-Min,20.0000,498,7363,16,25.0649,25.1649,151.6035,126.4386,0.1000
Min-Min,20.0000,715,9978,10,36.1457,36.2457,151.8235,115.5778,0.1000
Min-Min,20.0000,849,8307,1,43.4350,43.5350,151.8235,108.2885,0.1000
Min-Min,20.0000,572,8903,9,29.0521,29.1521,151.8235,122.6714,0.1000
Min-Min,20.0000,559,7183,16,28.4804,28.5804,152.1535,123.5731,0.1000
Min-Min,20.0000,491,9396,9,24.5428,24.6428,152.1535,127.5107,0.1000
Min-Min,20.0000,561,7657,18,28.5987,28.6987,152.2635,123.5648,0.1000
Min-Min,20.0000,754,7787,7,37.9916,38.0916,152.4835,114.3919,0.1000
Min-Min,20.0000,142,9861,11,7.2683,7.3683,152.7035,145.3352,0.1000
Min-Min,20.0000,875,7422,7,44.7011,44.8011,152.7035,107.9024,0.1000
Min-Min,20.0000,490,8509,8,24.5296,24.6296,152.7035,128.0739,0.1000
Min-Min,20.0000,828,9036,1,42.3433,42.4433,152.8135,110.3702,0.1000
Min-Min,20.0000,886,6822,18,45.2754,45.3754,152.8135,107.4381,0.1000
Min-Min,20.0000,583,8796,0,29.5122,29.6122,152.9235,123.3113,0.1000
Min-Min,20.0000,845,9218,17,43.2599,43.3599,152.9235,109.5636,0.1000
Min-Min,20.0000,959,8049,9,48.6003,48.7003,152.9235,104.2232,0.1000
Min-Min,20.0000,675,6845,11,34.2582,34.3582,153.0335,118.6753,0.1000
Min-Min,20.0000,926,9077,17,47.0440,47.1440,153.0335,105.8895,0.1000
Min-Min,20.0000,367,9171,8,18.5066,18.6066,153.0335,134.4269,0.1000
Min-Min,20.0000,502,9197,0,25.3308,25.4308,153.1435,127.7127,0.1000
Min-Min,20.0000,692,8138,7,35.1495,35.2495,153.4735,118.2240,0.1000
Min-Min,20.0000,804,9834,17,41.0306,41.1306,153.4735,112.3429,0.1000
Min-Min,20.0000,910,9562,1,46.3346,46.4346,153.5835,107.1489,0.1000
Min-Min,20.0000,971,9462,1,49.0936,49.1936,153.5835,104.3899,0.1000
Min-Min,20.0000,789,9196,2,40.3044,40.4044,153.5835,113.1791,0.1000
Min-Min,20.0000,592,9346,9,30.0866,30.1866,153.5835,123.3969,0.1000
Min-Min,20.0000,585,9880,2,29.6024,29.7024,153.6935,123.9911,0.1000
Min-Min,20.0000,911,9031,2,46.3423,46.4423,153.9135,107.4712,0.1000
Min-Min,20.0000,176,9318,4,8.7180,8.8180,154.1335,145.3155,0.1000
Min-Min,20.0000,345,9499,8,17.7420,17.8420,154.1335,136.2915,0.1000
Min-Min,20.0000,917,7430,8,46.4842,46.5842,154.1335,107.5493,0.1000
Min-Min,20.0000,408,9447,7,20.4520,20.5520,154.2435,133.6915,0.1000
Min-Min,20.0000,314,9326,18,16.3715,16.4715,154.2435,137.7720,0.1000
Min-Min,20.0000,994,9065,2,50.4550,50.5550,154.3535,103.7985,0.1000
Min-Min,20.0000,952,9471,2,48.1046,48.2046,154.8325,106.6279,0.1000
Min-Min,20.0000,972,9383,2,49.2096,49.3096,154.8325,105.5229,0.1000
Min-Min,20.0000,816,9152,9,41.7441,41.8441,154.9425,113.0984,0.1000
Min-Min,20.0000,723,7786,18,36.5385,36.6385,155.0525,118.4140,0.1000
Min-Min,20.0000,895,7857,7,45.7817,45.8817,155.1625,109.2808,0.1000
Min-Min,20.0000,459,8746,18,23.1322,23.2322,155.1625,131.9303,0.1000
Min-Min,20.0000,612,9909,9,31.2377,31.3377,155.1625,123.8248,0.1000
Min-Min,20.0000,890,9968,2,45.3652,45.4652,155.2725,109.8073,0.1000
Min-Min,20.0000,357,9310,18,18.2603,18.3603,155.2725,136.9122,0.1000
Min-Min,20.0000,581,8298,18,29.3300,29.4300,155.2725,125.8425,0.1000
Min-Min,20.0000,796,9359,9,40.5661,40.6661,155.2725,114.6064,0.1000
Min-Min,20.0000,623,9252,0,31.6514,31.7514,155.3825,123.6311,0.1000
Min-Min,20.0000,950,8364,0,48.0669,48.1669,155.3825,107.2156,0.1000
Min-Min,20.0000,906,7383,18,46.2533,46.3533,155.3825,109.0292,0.1000
Min-Min,20.0000,918,9156,9,46.5000,46.6000,155.3825,108.7825,0.1000
Min-Min,20.0000,672,8560,8,34.1434,34.2434,155.8575,121.6141,0.1000
Min-Min,20.0000,866,7830,18,44.1192,44.2192,155.8575,111.6383,0.1000
Min-Min,20.0000,888,8660,0,45.3264,45.4264,155.9675,110.5411,0.1000
Min-Min,20.0000,908,8612,0,46.2874,46.3874,155.9675,109.5801,0.1000
Min-Min,20.0000,205,9618,11,10.5377,10.6377,156.0775,145.4398,0.1000
Min-Min,20.0000,218,8935,4,11.0632,11.1632,156.0775,144.9143,0.1000
Min-Min,20.0000,938,9978,9,47.4878,47.5878,156.1875,108.5997,0.1000
Min-Min,20.0000,683,8694,18,34.5045,34.6045,156.2975,121.6930,0.1000
Min-Min,20.0000,643,9580,0,32.6503,32.7503,156.4075,123.6572,0.1000
Min-Min,20.0000,864,6905,16,44.0419,44.1419,156.4075,112.2656,0.1000
Min-Min,20.0000,529,9371,7,26.9173,27.0173,156.5175,129.5002,0.1000
Min-Min,20.0000,774,8555,7,39.2333,39.3333,156.5175,117.1842,0.1000
Min-Min,20.0000,913,5757,4,46.4090,46.5090,156.6275,110.1185,0.1000
Min-Min,20.0000,671,8931,7,33.8518,33.9518,156.6275,122.6757,0.1000
Min-Min,20.0000,652,8928,8,33.0057,33.1057,156.7375,123.6318,0.1000
Min-Min,20.0000,920,6916,11,46.6254,46.7254,156.8475,110.1221,0.1000
Min-Min,20.0000,747,9605,0,37.7579,37.8579,156.9575,119.0996,0.1000
Min-Min,20.0000,246,9448,11,12.4413,12.5413,157.0675,144.5262,0.1000
Min-Min,20.0000,526,6989,4,26.6193,26.7193,157.0675,130.3482,0.1000
Min-Min,20.0000,705,9959,0,35.6324,35.7324,157.1775,121.4451,0.1000
Min-Min,20.0000,933,5777,4,47.3598,47.4598,157.1775,109.7177,0.1000
Min-Min,20.0000,320,8098,4,16.5018,16.6018,157.2875,140.6857,0.1000
Min-Min,20.0000,929,9573,0,47.1633,47.2633,157.3975,110.1342,0.1000
Min-Min,20.0000,610,9454,7,31.0119,31.1119,157.5075,126.3956,0.1000
Min-Min,20.0000,958,8379,8,48.5981,48.6981,157.5075,108.8094,0.1000
Min-Min,20.0000,977,8521,7,49.5222,49.6222,157.7275,108.1053,0.1000
Min-Min,20.0000,510,9901,8,25.5789,25.6789,157.7275,132.0486,0.1000
Min-Min,20.0000,630,9554,7,31.9488,32.0488,157.8375,125.7887,0.1000
Min-Min,20.0000,968,9810,18,48.9372,49.0372,158.0575,109.0203,0.1000
Min-Min,20.0000,755,9352,8,38.0586,38.1586,158.2775,120.1189,0.1000
Min-Min,20.0000,978,8911,8,49.6443,49.7443,158.3875,108.6432,0.1000
Min-Min,20.0000,834,9596,7,42.6451,42.7451,158.4975,115.7524,0.1000
Min-Min,20.0000,835,9325,8,42.6459,42.7459,158.4975,115.7516,0.1000
Min-Min,20.0000,477,8547,16,24.0474,24.1474,158.9035,134.7561,0.1000
Min-Min,20.0000,432,8776,11,21.8982,21.9982,159.0135,137.0153,0.1000
Min-Min,20.0000,936,9899,7,47.4501,47.5501,159.1235,111.5734,0.1000
Min-Min,20.0000,266,9845,11,13.6528,13.7528,159.7540,146.0012,0.1000
Min-Min,20.0000,696,8218,11,35.2686,35.3686,160.2610,124.8924,0.1000
Min-Min,20.0000,716,8143,11,36.2149,36.3149,160.2610,123.9461,0.1000
Min-Min,20.0000,729,6691,4,36.7741,36.8741,160.2610,123.3869,0.1000
Min-Min,20.0000,327,9625,11,16.8162,16.9162,160.3710,143.4548,0.1000
Min-Min,20.0000,823,7694,16,42.0778,42.1778,160.5910,118.4132,0.1000
Min-Min,20.0000,370,9596,11,18.6246,18.7246,160.7010,141.9764,0.1000
Min-Min,20.0000,538,8648,16,27.3130,27.4130,160.9210,133.5080,0.1000
Min-Min,20.0000,904,7577,16,46.1537,46.2537,160.9210,114.6673,0.1000
Min-Min,20.0000,859,8644,11,43.9020,44.0020,161.6905,117.6885,0.1000
Min-Min,20.0000,771,6767,4,39.0074,39.1074,161.6905,122.5831,0.1000
Min-Min,20.0000,518,9044,16,25.9707,26.0707,162.1465,136.0758,0.1000
Min-Min,20.0000,619,8712,16,31.3829,31.4829,162.3665,130.8836,0.1000
Min-Min,20.0000,737,9722,11,37.2895,37.3895,162.4765,125.0870,0.1000
Min-Min,20.0000,778,9957,11,39.6773,39.7773,162.7715,122.9942,0.1000
Min-Min,20.0000,445,8204,4,22.4346,22.5346,163.2285,140.6939,0.1000
Min-Min,20.0000,607,7496,4,30.9019,31.0019,163.2285,132.2266,0.1000
Min-Min,20.0000,721,8684,16,36.3727,36.4727,163.2285,126.7558,0.1000
Min-Min,20.0000,987,8055,16,50.0083,50.1083,163.2285,113.1202,0.1000
Min-Min,20.0000,648,7383,4,32.7492,32.8492,163.3385,130.4893,0.1000
Min-Min,20.0000,844,8434,16,43.1391,43.2391,163.4485,120.2094,0.1000
Min-Min,20.0000,811,6925,4,41.2891,41.3891,163.5585,122.1694,0.1000
Min-Min,20.0000,701,9229,16,35.3725,35.4725,163.9650,128.4925,0.1000
Min-Min,20.0000,660,9484,16,33.4907,33.5907,164.1850,130.5943,0.1000
Min-Min,20.0000,925,9007,16,47.0249,47.1249,164.4050,117.2801,0.1000
Min-Min,20.0000,485,8301,4,24.3878,24.4878,164.6250,140.1372,0.1000
Min-Min,20.0000,954,6885,4,48.4950,48.5950,164.8450,116.2500,0.1000
Min-Min,20.0000,892,7374,4,45.5016,45.6016,166.0655,120.4639,0.1000
Min-Min,20.0000,405,9266,4,20.1591,20.2591,166.5065,146.2474,0.1000
Min-Min,20.0000,872,7889,4,44.4720,44.5720,167.3090,122.7370,0.1000
Min-Min,20.0000,996,7728,4,50.5189,50.6189,167.5290,116.9101,0.1000
Min-Min,20.0000,587,9479,4,29.7220,29.8220,168.5800,138.7580,0.1000
Min-Min,20.0000,668,9456,4,33.7772,33.8772,168.8000,134.9228,0.1000
Min-Min,20.0000,974,9111,4,49.2738,49.3738,169.3110,119.9372,0.1000
